city_id,city_name,country,continent,population,regulatory_status,market_competition,number_of_drivers,number_of_rides,avg_fare,avg_wait_time_min,uber_services,major_competitors
9d978b1c-6617-4cf6-95c4-95dc9a248d70,Port Joseph,Senegal,South America,4981867,Restricted,Medium,15141,84106,27.51,3.71,UberX,Grab
b7408700-0d17-4705-920d-26a080d0e4a5,Port Shannonside,France,Europe,4901993,Banned,Low,23664,209575,64.41,17.34,UberX,Local Taxis
3aecee16-ccd8-4805-881a-19e1095cccd7,Lake Donnaville,Marshall Islands,South America,2177603,Restricted,Low,9516,19003,195.31,6.58,UberPool,Lyft
ac3579e7-9413-4035-bc01-196de9265655,Port Teresaborough,Paraguay,Europe,7249966,Allowed,Medium,49540,437377,80.3,10.78,UberPool,Local Taxis
1e597caa-9833-4731-87ba-630539630161,Glennfurt,New Caledonia,Europe,7497874,Allowed,High,16745,108717,70.67,5.16,UberX,Local Taxis
ebcb9f60-0c76-472e-8aa3-ff690d7bf71a,East Caitlinside,Belize,Africa,5076291,Restricted,Medium,18390,238741,78.99,13.12,UberEats,Lyft
1d3cc53c-17ae-48e1-ba7f-0af7f327b503,East Wendyside,Vanuatu,Asia,8346997,Banned,High,26449,141610,52.46,18.03,UberEats,Ola
89b3c4f3-8c3f-41bc-a334-45e464e67673,Lake Lisa,South Africa,Asia,7208637,Allowed,High,48375,42437,16.96,16.94,UberPool,Ola
3a31ae35-8485-46bb-a30e-8c8e112ef9c2,Port Douglas,Antarctica (the territory South of 60 deg S),Australia,1132190,Restricted,Low,8349,315888,53.37,2.01,UberPool,Local Taxis
00f30ae4-a8ce-4ed2-a23b-b14f12eb3dbf,West Heathermouth,British Indian Ocean Territory (Chagos Archipelago),Africa,5783333,Restricted,Medium,34932,414572,83.62,15.48,UberX,Grab
2744fe1f-3299-4dc4-b3f9-5d2be2f9f17f,Allisonview,Uganda,Australia,6012440,Banned,Medium,44586,377115,33.51,6.9,UberEats,Lyft
ddce1b91-2201-4920-a6b3-250c89f3ba93,East Cody,South Georgia and the South Sandwich Islands,Australia,8370535,Banned,High,35901,441625,96.37,9.09,UberEats,Grab
021ea623-ec1e-4aeb-a92a-cbc984fd126e,New Jacobborough,Egypt,Australia,919119,Allowed,Medium,16987,346133,55.92,12.96,UberPool,Lyft
1bb0cff3-0b1a-4523-a1cb-19f1f9ec6a26,North Amyborough,Equatorial Guinea,Asia,6368845,Allowed,Medium,19011,116136,59.53,14.06,UberPool,Lyft
4deed619-d4ff-4b7f-a97c-756c80a07847,West Katrina,Kenya,South America,2038109,Banned,Low,15782,129013,42.55,8.91,UberX,Ola
8bcc1a13-d823-4dfb-9054-080e676090bb,Lake Jonathanhaven,Christmas Island,Asia,1225951,Banned,Medium,3113,308273,81.11,8.03,UberPool,Ola
ed5a1380-d4a4-4c75-b623-99b3fffc4d0e,Tamarachester,Lao People's Democratic Republic,Asia,2027211,Allowed,High,14794,267443,197.66,16.99,UberPool,Ola
4a0a63eb-6240-4c9f-8540-068af58236c7,North Staceystad,Central African Republic,North America,193411,Restricted,Medium,40561,211266,64.74,13.51,UberEats,Ola
3ecf79bd-f6ef-49e0-91dc-a442d5b3e9af,Robertmouth,Palestinian Territory,Asia,7356175,Banned,High,6521,266102,31.48,10.44,UberX,Ola
40ede07b-4ef5-494b-829e-c8186406a760,South William,Djibouti,South America,4258926,Restricted,High,46753,401588,33.59,10.48,UberPool,Lyft
ac7c8f10-de2e-4f95-a877-9255dc9f5e15,Port Ashleyview,Tunisia,Asia,658571,Allowed,Medium,3834,45692,68.36,8.47,UberPool,Grab
9c9500e4-5127-4100-b6a5-f8abee07d469,North Robertport,Congo,Africa,7699537,Banned,High,40641,89631,27.93,16.27,UberX,Ola
4e3fceef-a223-4085-8ee9-ba682a12d149,Mooneyport,Ethiopia,Europe,6794641,Allowed,Low,41397,293542,283.49,4.77,UberPool,Grab
5e03e37b-731d-471a-bea5-6b00d0d760e8,Davisborough,Libyan Arab Jamahiriya,Europe,3198126,Restricted,Medium,32069,132245,77.89,18.61,UberEats,Grab
bca5388f-9426-4b80-b0af-d87be98580b0,East Jacob,Seychelles,South America,5899804,Banned,High,42878,182908,50.39,11.1,UberEats,Lyft
7ab25f91-e12f-4489-8140-6b8028923a95,Deleonberg,Anguilla,Asia,3171577,Allowed,High,32490,139112,14.91,5.61,UberPool,Local Taxis
c9372355-d7fd-4fa5-9fce-acdd71588743,Baileyfurt,Guyana,South America,9350490,Banned,Medium,23313,15798,95.8,11.23,UberPool,Local Taxis
6ae253fb-1607-4799-a82e-bbdd2e7bfc1e,East Jon,American Samoa,Africa,6608661,Restricted,Medium,17474,493139,58.84,3.39,UberPool,Grab
a06ebfa3-a03a-4207-bcf6-81fa2cee7a62,Robertshaven,Saint Barthelemy,Australia,7645599,Banned,Low,32967,72962,64.38,16.96,UberX,Ola
80b78f53-c326-4fff-bae4-488bee3d8ef7,Daniellemouth,Liberia,North America,805249,Allowed,High,49965,425090,237.95,7.45,UberX,Lyft
805fdc42-cf0d-4978-87d8-8cff4a74b8ef,West Paul,Mayotte,Africa,3030003,Banned,High,16880,219947,90.36,15.34,UberEats,Grab
23914d47-9595-4f19-b7eb-6406ef17c2a6,Jessicahaven,Nepal,South America,467201,Banned,High,6671,16156,52.41,12.73,UberEats,Lyft
02038433-ac9a-47ff-8b45-bd3f6159a129,Ashleyburgh,Germany,Australia,8187830,Banned,Medium,17144,363860,87.69,3.64,UberEats,Local Taxis
3a200997-c7a0-4ce1-91e3-b22449bba4b3,Amberland,Niue,North America,3333129,Allowed,High,6460,196313,53.87,14.98,UberX,Lyft
64ed1e25-3f34-4e76-b97c-3b807c883df0,East Melissa,Tajikistan,South America,6589590,Banned,Medium,29293,395313,27.3,16.2,UberX,Ola
67ed6d29-0823-4579-af63-3bfa9fa05bd2,Lake Joshua,Guadeloupe,Africa,4607981,Allowed,Low,43365,487076,50.6,16.25,UberPool,Local Taxis
659afd97-67d4-4ac1-9a6f-51cbb1a0b862,Lake Melissa,French Polynesia,Australia,1807226,Restricted,Medium,44293,6399,24.75,14.37,UberPool,Ola
653eba74-2bb6-4e5a-93cf-5099b221dcf3,North Sheena,France,Asia,6134283,Allowed,Medium,32080,460946,85.02,2.12,UberEats,Grab
ec44a4f3-dbcf-445b-bc42-523b961283b1,Bellview,Pitcairn Islands,Europe,2439842,Restricted,High,22046,98703,84.55,13.77,UberEats,Ola
87127be5-a518-4e90-be43-abe1b52594a9,Lake Christine,Cote d'Ivoire,North America,2227227,Banned,High,28240,305457,14.22,8.74,UberEats,Lyft
2f2539a8-b5e7-48bd-9622-8bfc08fe7b13,Lake Benjaminstad,Bouvet Island (Bouvetoya),Asia,9385549,Restricted,Medium,18623,373939,78.97,12.18,UberEats,Lyft
797d8d59-1999-4754-9f79-5e69af90782c,Alanbury,Switzerland,Australia,9937234,Allowed,Medium,7921,38460,65.63,3.14,UberEats,Lyft
5e29e86c-d84a-46d5-a61f-65436899e17f,Staceyshire,Jamaica,Australia,2704474,Restricted,Medium,34296,482153,14.54,12.93,UberEats,Ola
5ed03518-f02d-4999-9018-af3700ecda1e,Hallbury,Gambia,Asia,5317374,Allowed,High,2287,417508,41.74,13.58,UberEats,Grab
0edd04a7-f5c4-4b31-a184-607e94ec041b,East Crystalside,Congo,Asia,1044535,Allowed,Medium,17644,108350,56.97,3.62,UberEats,Ola
f734763a-2e4c-4eb0-8084-ba3199afe875,North Nancyshire,Timor-Leste,Asia,7819322,Allowed,Low,5871,363884,80.25,2.4,UberX,Lyft
4514d24d-8736-49ea-aa85-a32fbdd26526,West Lisaland,Canada,Asia,9986300,Banned,Low,36926,251127,71.56,3.19,UberX,Local Taxis
cc494fa4-b73f-46dd-9f53-b000c18eb849,Henrychester,Qatar,North America,8047559,Banned,High,30176,86806,89.99,17.98,UberEats,Ola
bbb41107-4ccf-41df-bfe6-6a46c7eec911,North Heatherville,Israel,North America,7053853,Restricted,Medium,46702,178305,254.72,19.79,UberEats,Ola
c15f3514-2dc4-441f-bd11-daba0a817550,Duncanbury,Azerbaijan,North America,5470960,Allowed,Low,45665,268436,8.88,17.49,UberX,Local Taxis
c4d10706-d12b-470e-8790-96be2515c22d,Alyssamouth,Guernsey,Asia,2405783,Restricted,Medium,38400,159871,97.27,4.83,UberX,Grab
692ff3b2-67ea-4917-b571-5b8bec9bf6ab,North Briannaside,Cuba,South America,4253163,Allowed,Low,48877,51009,90.49,5.97,UberEats,Local Taxis
0bcdf977-cfb1-4967-b08f-e462a472180c,Kristinabury,India,South America,4937182,Banned,Medium,4205,167247,15.95,6.9,UberPool,Grab
8bcb31ae-cee1-430a-9e1a-10688eda7239,Yufort,Isle of Man,Asia,7389847,Banned,Low,4071,240715,41.63,13.79,UberPool,Lyft
757ef17a-57ab-4e1e-af5f-7bf2e59fc8a5,Ritaberg,United States Virgin Islands,Asia,2888448,Allowed,Medium,36872,486710,28.52,7.96,UberX,Lyft
0a2aa518-804a-4dae-a0ed-4e7eb0b3751e,North Kevinport,Argentina,Australia,8920796,Banned,Medium,19016,129795,37.91,16.07,UberX,Lyft
714bda76-526d-4f77-b1a5-94275260ada1,Howellbury,New Zealand,Asia,4778149,Restricted,Medium,13963,205493,336.54,6.84,UberX,Ola
587093a2-6be4-4986-84d4-f7d3e4bc7d84,Goodburgh,Eritrea,Africa,3766713,Banned,Medium,23724,388028,42.01,3.18,UberEats,Local Taxis
e3439b91-64b4-4360-94e2-d2a06e753e22,Port Kimberlymouth,Myanmar,Africa,7241143,Allowed,Medium,2900,119833,79.36,2.09,UberEats,Local Taxis
2e87c9c3-f4f3-47bf-b6d1-0532885d4b7e,Baileyborough,Niue,Africa,4487992,Banned,Low,39042,101070,16.29,11.15,UberEats,Local Taxis
a252ffcd-d405-4ab0-b6c1-b2661676fa48,Freemanchester,Ghana,North America,6006284,Allowed,High,28686,85370,10.68,10.81,UberPool,Lyft
27e6089e-a254-47f7-ab21-f616c1a9dd05,South Suzannehaven,Iceland,South America,1212520,Restricted,Low,2714,41526,127.35,11.07,UberX,Local Taxis
aace9db8-fe31-49fa-aed9-428952b76024,East Patriciatown,United States Minor Outlying Islands,Europe,1302055,Allowed,Medium,47973,209858,8.27,12.68,UberPool,Ola
bdd5e5d1-ec8d-4398-b1e4-27d3ec0cbf2c,North Lisa,Uganda,Africa,3273053,Allowed,High,37986,355133,95.47,14.23,UberX,Ola
e21851cb-6d86-4b34-b278-fb3adc1d2020,New Allison,Guadeloupe,Australia,9844191,Banned,Medium,7216,367085,33.94,14.01,UberPool,Local Taxis
69ff2e94-1e6d-43a9-af55-869a9a81d32b,South Andrealand,Zimbabwe,South America,2606938,Allowed,Low,13248,213772,69.78,13.66,UberEats,Lyft
f36d04df-fcc9-4f09-84a4-07b6beb9a1c3,Davidside,Botswana,Africa,377078,Restricted,Medium,43365,362373,61.58,9.54,UberEats,Grab
431e5435-9a65-4069-9735-eaf9a1063b56,Lake Shaun,China,Australia,224424,Allowed,Low,25654,436874,8.88,3.72,UberX,Grab
a6e2f755-b09d-4cd2-a246-dcfc582a1de1,Jacquelinechester,Antarctica (the territory South of 60 deg S),South America,6715536,Restricted,High,10440,107392,431.4,11.72,UberX,Ola
1c87ae06-15c3-40e3-a142-5e751a49f714,South Julie,Germany,Australia,9662779,Banned,High,9269,251842,44.9,12.08,UberX,Lyft
14bc2b8f-696f-464e-8338-ee1a0bba20f4,Port Christianbury,Algeria,Europe,5704763,Allowed,Low,16755,360020,96.36,3.12,UberX,Grab
ea21941d-e7f7-4a04-af6d-e68754849bd0,West Jerryview,France,Africa,3067838,Restricted,Medium,9104,250374,41.88,9.81,UberEats,Local Taxis
3df5a98c-5162-474f-95aa-94a1c7376c39,East Monicashire,Namibia,Australia,5966711,Restricted,Low,31313,448398,65,3.63,UberPool,Ola
27c857f6-7e63-4bb8-92c3-72d9cbc98a37,New David,Guinea-Bissau,Australia,8249931,Allowed,Low,11632,173443,95.14,11.47,UberX,Local Taxis
5a1e2af5-51a2-488b-b490-f545e8815f38,South Mariatown,United States of America,Europe,9557023,Banned,Low,13530,220225,28.54,12.54,UberX,Lyft
f4468ed6-f82c-4644-81d8-99f6b0bec574,Port Daniel,Portugal,South America,2495929,Restricted,High,4545,436995,248.92,9.18,UberPool,Local Taxis
b6fafc3c-a6eb-41b3-a10a-d1dcc20d895d,South Wendy,Oman,Africa,3918372,Allowed,High,28994,387826,84.73,2.93,UberEats,Ola
18045006-65e4-457d-893f-94129144e3ab,Charlesfurt,Malta,Asia,3888994,Banned,High,33133,486480,7.47,9.84,UberEats,Lyft
b6cb3654-c228-4aaf-a682-674e704914af,Cainton,Norway,South America,9696637,Restricted,Medium,48577,197077,363.02,8.82,UberEats,Ola
3a282ee3-8e1a-4872-8c32-8a292b71a307,Mcdanielfurt,Vanuatu,North America,8117526,Restricted,Medium,49119,329041,496.59,19.28,UberX,Lyft
8d98d5ea-56b2-4941-a979-f2f14b698b20,West William,Norfolk Island,Europe,8361038,Restricted,Low,36386,184521,77.35,11.08,UberEats,Ola
197193f4-b3b5-4622-a8e0-450d5aa7e070,New Matthew,Norfolk Island,Africa,5062258,Banned,Medium,29198,176244,93.15,19.91,UberX,Grab
bc73038f-603a-4d93-9f13-d2738125cc33,Martinfurt,Liechtenstein,Africa,7266939,Banned,High,29471,347497,87.48,7.07,UberEats,Lyft
ad562df2-08c6-4467-b2aa-2319f1a2c221,New Bruceburgh,Costa Rica,Africa,7450567,Allowed,Low,21027,201606,30.18,13.21,UberPool,Local Taxis
ddb49b5b-def4-4a77-a2cf-3d279dcae871,Monicamouth,Paraguay,Africa,7868308,Allowed,Medium,4488,219697,36.63,19.25,UberPool,Ola
fcb476a8-3083-49a9-b47d-069a3b15c0d6,Lake Philipstad,Malta,Asia,3639122,Restricted,High,43986,101572,8.94,16.67,UberX,Local Taxis
8184fbdf-520e-4693-982d-8b8755fc0bb9,New Joseph,Syrian Arab Republic,North America,7470685,Banned,Medium,15194,453615,30.43,4.27,UberPool,Local Taxis
d8e74142-1d88-40f1-89b4-2e97bc76ac8b,Scotthaven,Cuba,Asia,7593026,Allowed,Medium,41669,240197,256.18,18.5,UberX,Grab
5a567a29-91cb-4abe-9784-c83f9ec4e306,South Nicole,Malaysia,Europe,4027531,Allowed,Low,11500,282066,81.15,17.82,UberEats,Grab
971d2c2e-6ddd-4138-bf33-1459db58d09b,North Derek,Qatar,Australia,5452961,Allowed,Medium,11216,319552,62.54,3.95,UberX,Lyft
e6629f80-8ebb-4d1c-ae52-82a2671595c5,Garnerberg,Luxembourg,Europe,8179536,Banned,Medium,41754,445015,98.29,13.34,UberX,Grab
86d16aef-6f3c-4afb-a3b1-3912d404bcbb,North David,Swaziland,Australia,6987851,Allowed,Low,14696,262348,24.81,16.9,UberX,Lyft
f697f86e-0f62-4cf5-8bba-e4d9bb83e429,New Deborahtown,Sao Tome and Principe,Australia,9913637,Allowed,Medium,18347,288615,196.91,14.55,UberEats,Grab
050fd9d4-d3d2-4bbe-bf1b-ed16deb34823,East Elizabethmouth,Mali,Asia,5708125,Banned,Medium,42244,196260,10.6,2.16,UberX,Lyft
b5c246dc-c094-4432-997f-b28e2164f96b,North Christopher,Latvia,Africa,1391890,Restricted,Low,22340,317858,99.72,6.13,UberEats,Lyft
bae7c18b-63f8-4309-a754-7ced5478e470,Clarkmouth,Czech Republic,Australia,2429879,Allowed,Low,43814,239592,34.69,18.12,UberEats,Ola
80600a64-9aea-413c-a32a-5d618b132a3e,Richardtown,Marshall Islands,North America,9977453,Banned,High,38904,374564,78.44,5.37,UberX,Lyft
0f3fe407-9cd3-4c8a-a417-6c601eabdd1f,West Sharonbury,Antarctica (the territory South of 60 deg S),South America,6369007,Restricted,Medium,16224,217012,335.41,6.31,UberX,Local Taxis
c1521262-8bd6-4189-aa1f-febac2d6a420,New Troyshire,Colombia,Europe,8842076,Banned,High,15090,479496,5.6,3.22,UberEats,Ola
4fe7ce36-c403-45f4-9026-27c7283b4f9e,Schmidtmouth,Samoa,Europe,4350488,Allowed,Low,26879,231576,5.96,6.89,UberEats,Ola
656132de-3d24-4af5-90dc-1804ef702ee1,South Danielmouth,Netherlands Antilles,North America,9643988,Allowed,High,49119,394752,43.37,7.65,UberPool,Lyft
c6346d96-2883-4bc6-b509-4fd2db129256,Jermainefurt,Korea,Europe,3401404,Banned,Low,24951,348242,92.75,2.78,UberEats,Grab
c19fc4fd-4a03-4250-9328-121165c9d175,Reyeston,Morocco,Africa,2016834,Banned,Low,44730,108900,64.06,10.59,UberX,Ola
81a8cdbf-09e6-497a-813b-e6ad3fccdc32,South Phillip,Honduras,South America,6415521,Banned,Low,7899,292961,18.67,18.78,UberPool,Local Taxis
c705d463-8926-457c-9689-442179c62667,Kyleville,Mongolia,Asia,108586,Allowed,High,5115,306665,15.16,3.29,UberEats,Grab
e3b494da-a48f-46d7-8687-318307169b4d,Stewarttown,Jersey,Australia,740228,Allowed,High,40434,32615,58.1,5.84,UberPool,Ola
ad039e37-56d4-4146-a487-47ddac7a5c65,South Anthonyshire,American Samoa,Europe,8370468,Allowed,Low,23216,278152,322.06,4.92,UberEats,Lyft
7f5cc6d7-2aa0-4e60-8dcc-cb3c34d05bc9,New Cindy,Trinidad and Tobago,North America,8807005,Restricted,Medium,36125,244209,38.58,10.87,UberPool,Ola
5de7f905-008c-4ec3-af78-623dc0d4f4d0,Lake Christinaview,British Virgin Islands,North America,5648839,Restricted,High,28126,373794,50.53,8.69,UberPool,Local Taxis
524112f8-4c54-486c-8b4b-5639bc63d315,West Michael,Wallis and Futuna,Europe,2633357,Banned,Medium,18639,396277,64.01,3.91,UberX,Local Taxis
424fb381-4dd6-4d7e-b57a-daf2021dea6d,Matthewborough,Barbados,Australia,7876787,Banned,Low,42361,278426,30.24,14.95,UberPool,Ola
e28631ba-1b7a-4708-9f22-d0a15f4eb6de,Jamesside,Tokelau,South America,3383814,Restricted,Medium,1782,394445,9.15,15.57,UberEats,Ola
a5929cec-68a2-4fc2-adfe-b00a433fbf0f,Morrowstad,Saint Lucia,North America,6017454,Banned,Low,4783,470927,91.81,5.15,UberEats,Grab
8a6c00e3-80a3-47e6-bb1f-12681d808e21,Allenstad,Samoa,Africa,4119731,Banned,Medium,704,126708,30.91,2.41,UberX,Grab
ba598b06-9263-465f-b59c-81c6f8f176ad,Schultztown,Switzerland,North America,632178,Allowed,Low,5128,305510,26.43,3.9,UberPool,Local Taxis
b9ef1d5a-037e-47a1-bbb3-5953df378a4b,Cooperstad,China,South America,5734680,Allowed,High,41153,6614,56,14.85,UberPool,Local Taxis
ff62aa53-76fe-4f99-ace5-fd472cfb605f,Lake Katherineview,Morocco,North America,4514473,Allowed,Medium,8506,417451,60.57,12.31,UberX,Grab
8c76fefa-e3f6-4d98-8969-fdff7f6b6ee8,Sarahside,Morocco,Asia,4832333,Allowed,Low,28053,428206,75.94,15.94,UberX,Grab
b4d63794-e061-4558-8efd-570f75926753,Lake Cindyburgh,Cuba,South America,7516821,Allowed,High,33030,378027,81.03,18.81,UberPool,Lyft
b98f6dd5-03f7-4cef-88a2-2d048f812e39,West Kiaratown,Iraq,Australia,5526026,Allowed,Low,30982,111203,42.24,17.46,UberEats,Ola
123b9e1a-0935-4c91-b9b9-66b0392cc748,Rowlandtown,Dominican Republic,North America,5355664,Banned,Medium,39097,233493,10.1,6.81,UberEats,Lyft
a364e2d1-088e-4df8-8e00-7f1c04c1e043,Richardshire,Slovakia (Slovak Republic),North America,2378367,Banned,Low,35844,329815,5.93,7.55,UberEats,Ola
916c89a2-0406-42c6-8259-93c5a196aed5,New Lindsay,Tuvalu,South America,1886325,Banned,Medium,28039,37309,88.56,10.94,UberEats,Local Taxis
9b3ff659-62d5-421e-9143-6d95b2d4c60a,West Jessica,Benin,Asia,7078193,Allowed,High,7038,425889,56.45,13.45,UberEats,Ola
6635d06c-d857-4658-820b-6a7a31696a33,East Matthewchester,Djibouti,North America,3181535,Banned,High,40198,210749,85.06,3.17,UberEats,Local Taxis
a323b9cb-34a9-4bcb-aed0-cbdd032db684,Lake Robert,Congo,South America,1936197,Restricted,Medium,25462,54827,87.94,11.8,UberEats,Grab
44ff823a-35f6-48db-84b7-b77c192f9856,Lowefort,Libyan Arab Jamahiriya,Africa,6704402,Allowed,High,10622,105616,23.3,19.04,UberPool,Local Taxis
ef36b3de-c457-43b3-8da6-e7cbe6b7a028,Lake Steven,Brunei Darussalam,North America,4037295,Banned,Low,10028,231367,73.13,3.05,UberPool,Local Taxis
ca0c70bc-486b-4176-b09b-ec1e4cf24d15,South Angelachester,Paraguay,Europe,1155789,Banned,Medium,40154,17726,12.42,19.42,UberX,Lyft
88bc7ad4-44d9-4844-b6d3-ed51e3571d67,Sharonview,Svalbard & Jan Mayen Islands,Asia,6089190,Restricted,High,46758,310780,53.9,15.32,UberEats,Ola
3fcd18a0-8f2a-41ac-8e8b-ee6cd98e03a6,North Dannytown,Tonga,Asia,2338789,Restricted,High,49862,438579,40.63,4.66,UberEats,Lyft
5a229b7e-3c73-41e6-940a-9d3757bf0af6,Samanthashire,Guadeloupe,Australia,3532956,Allowed,Low,15980,189049,21.66,10.4,UberEats,Grab
e3d1cc93-cd52-4d31-80e8-7f7b6be793a8,Manntown,Libyan Arab Jamahiriya,Asia,6846922,Restricted,High,33035,379033,60.85,15.3,UberEats,Local Taxis
c8fdbf24-3592-4e7f-a8f8-ba5e97331e34,Port Markside,Serbia,Africa,6597992,Restricted,Medium,29884,76142,53.27,2.88,UberX,Grab
59c74e0a-f38c-4f9b-9380-86238668ae3a,South Mariemouth,Lao People's Democratic Republic,Africa,7948350,Banned,Low,12180,199653,7.24,6.6,UberPool,Grab
c09588e8-94db-4458-9496-a9d3097bf42b,Michellebury,Belarus,Africa,9985908,Restricted,High,6808,136645,75.43,19.72,UberEats,Local Taxis
b3bb79e2-e662-4c0c-a7ae-9303ef9870ba,Port Joseview,Qatar,Europe,2707035,Restricted,Low,13575,12961,25.95,13.88,UberX,Grab
4b260cc0-b134-4185-a6de-51d863f267f1,New Brian,Saint Barthelemy,Australia,7234378,Allowed,Medium,37021,311473,15.45,9,UberPool,Ola
1d509e9f-1d92-4d23-b306-e663a3232084,Ianhaven,Lesotho,South America,3154920,Allowed,Low,2306,20537,26.48,11.2,UberX,Lyft
20c03783-f185-4186-ba39-0309d9eff389,Port Jonathanhaven,Cambodia,South America,3218785,Banned,Medium,14440,358059,7.36,3.69,UberEats,Ola
8f28ba02-9432-487a-9a22-0d2fd6157c27,New Stephen,Cameroon,South America,514402,Allowed,High,3016,62023,91.95,3.79,UberPool,Local Taxis
c4e06780-e1e2-4453-9fe8-93219a95b34a,Chenburgh,Angola,Asia,482648,Restricted,Medium,4608,160109,81.64,12.56,UberX,Lyft
5dffd826-1b75-469c-9faa-615f44921d8a,Kellershire,Niue,Africa,9882066,Allowed,High,13778,302801,66.22,3.16,UberX,Ola
a0d96b52-2cf3-46d9-8743-4b1e8123cf70,Benjaminhaven,Afghanistan,Asia,7323811,Banned,Low,35459,227251,35.99,5.59,UberPool,Lyft
f3e7556d-f1b4-4b39-9532-909a86dd0c57,North Corey,Chile,North America,5495770,Restricted,Low,42030,23093,98.35,16.42,UberPool,Grab
54633333-37ae-4785-b17a-ce13120c8e0f,Phillipsland,Mexico,Asia,3952569,Allowed,High,15851,159075,80.04,9.62,UberPool,Lyft
c69f1157-6862-44a9-be26-ed65c8dd400e,Port Brittany,San Marino,Europe,5024520,Restricted,Low,10879,125687,81.89,19.52,UberEats,Local Taxis
94eb37e3-2e3f-4109-8f64-bbe99537be0d,Dawsonbury,Gambia,Australia,8505285,Banned,High,10848,24092,22.2,6.16,UberPool,Lyft
b8d15c2c-6d93-4728-8cc0-0e3745e7d1a8,Austintown,Benin,South America,6469559,Banned,High,48042,371922,78.12,9.03,UberX,Local Taxis
04884e7d-aa65-4790-b2ef-3c9e724c5e74,Thomasborough,Barbados,Africa,8406747,Allowed,Low,10769,64713,26.69,9.72,UberPool,Ola
2bb0ea60-4620-418f-aa02-39623aa0c217,Matthewsview,Marshall Islands,Asia,4793558,Allowed,Low,14251,66588,42.47,16.39,UberPool,Lyft
b1aa4b0b-f1cf-4ccc-b94b-11fb05206e7a,Port Justinton,India,North America,5613999,Restricted,Medium,746,315060,44.59,8.12,UberPool,Grab
71fcf1de-6043-4fa2-a6f2-b28efa6de89b,Ericport,Svalbard & Jan Mayen Islands,North America,2341934,Restricted,High,45669,30876,85.26,6.09,UberX,Ola
36747afd-538f-4af9-9aa9-0406b062cbcb,Ashleyfurt,Burundi,Asia,280794,Restricted,Medium,14335,319851,31.79,18.33,UberEats,Grab
2b020c3e-41b5-4341-82b6-8be65aca3e91,Lake Mitchell,French Southern Territories,Australia,3632112,Banned,Medium,48907,11691,90.75,3.75,UberPool,Local Taxis
30696e96-8437-4692-bd8d-be703b7592c3,Frankland,Brazil,North America,4117902,Banned,Medium,15159,419272,24.76,5.06,UberX,Local Taxis
296624be-5893-4c2b-b439-46dd80e0d0d4,West Nicholas,Algeria,Asia,1787446,Banned,Low,29276,227768,23.69,13.98,UberEats,Lyft
648dbfaf-5ec9-4b52-840b-af7615e087b9,Veronicatown,Ireland,Africa,6384167,Allowed,High,42716,250803,5.34,18.67,UberEats,Grab
37695065-b699-4004-9742-ddff49b6e1b6,Sherrychester,Uruguay,Australia,3844991,Allowed,High,34950,15877,19.74,15.48,UberPool,Grab
67f7ce18-f1fd-47be-b8e5-831e2ca43da7,Lopezfort,Spain,South America,4028835,Restricted,High,21358,317373,16.42,4.49,UberEats,Grab
6c1bdcbc-f773-405f-8f65-e41522a8a4b4,Skinnerborough,Vietnam,Australia,9081235,Banned,Low,26310,369247,62.77,9.17,UberX,Local Taxis
423256a3-5de4-4dc2-b3f6-e286370060a8,New Lisaton,Korea,Europe,2550670,Restricted,Low,4262,405129,32.59,8.8,UberPool,Ola
6f71d427-82a8-46db-a118-c8ea5943c805,Ramosstad,North Macedonia,Africa,1397597,Restricted,High,37831,113494,466.1,3.52,UberPool,Grab
87dbb4d6-fa35-436b-996b-2b59ba592675,East Craig,Barbados,North America,5907727,Restricted,High,21565,418105,12.74,2.63,UberEats,Ola
761c410e-5bd0-4396-afad-c66874fcefb8,Tammybury,Georgia,Europe,3050098,Restricted,Low,39491,196838,58.01,16.12,UberX,Ola
ae336b89-cc12-4e03-aa16-16a35e8d37a3,Perezborough,Niger,Australia,235522,Restricted,High,48506,452731,57.84,3.61,UberEats,Ola
c746c170-7df0-40d1-abde-64242fb77845,North Michaelberg,Thailand,North America,7030240,Banned,Low,237,321385,70.56,15.02,UberEats,Ola
8b901f3a-5d46-43f2-b571-e2761fb031b0,Port Ricky,Bangladesh,Asia,6664959,Banned,Medium,16352,390718,377.57,5.05,UberPool,Lyft
5cc796de-f8d5-440e-b571-dd7db1d18d72,Porterburgh,Sao Tome and Principe,North America,2575224,Banned,Low,26182,62573,86.6,6.34,UberEats,Local Taxis
84c612bf-6090-4a75-8fb7-31b54ab572fb,Laneshire,Bulgaria,South America,6900850,Restricted,Low,17031,316386,301.91,17.35,UberX,Local Taxis
24f06bc3-b45d-401c-9b37-4d24c7555057,Lake Ericberg,Jersey,South America,9708579,Banned,Medium,5744,201673,89.54,7.79,UberPool,Lyft
5f4e9f9f-6067-4558-b9ef-1669415a0628,East Rachelland,Turks and Caicos Islands,Asia,6960997,Banned,Medium,20146,94754,25.78,5.71,UberEats,Lyft
ca7435b0-b5e0-43e0-9e6f-e15d636b046d,South Patricia,Marshall Islands,North America,4419873,Banned,Low,26002,157424,377.61,3.22,UberX,Lyft
d06625ca-52e9-4d28-8edf-0bafbc7264a5,East Eric,Saint Pierre and Miquelon,Asia,5267428,Restricted,Low,35873,204271,26.39,16.5,UberX,Grab
0a8763c5-5fc0-4ebe-bb48-cd14864cd769,Cervantesland,Kenya,Asia,1816253,Restricted,Low,6678,490620,65.72,6.08,UberPool,Lyft
2964aa63-b5fe-4e6f-860c-18f5ffbfe964,Crawfordland,Turkey,Australia,3009390,Banned,Medium,17936,413520,77.6,13.14,UberPool,Ola
018277bd-eb66-4477-8a9d-c1df0d7f407b,North Karenside,Bermuda,Australia,5674599,Restricted,Low,36815,222105,209.11,13.78,UberPool,Local Taxis
be0632dd-44c1-40c5-9061-2bce9da3026c,West Regina,Turkmenistan,North America,2754369,Restricted,Low,26160,81163,68.27,10.45,UberX,Local Taxis
32cbe739-1f1c-459f-8a76-d098935fbc67,Lake Angela,China,Europe,3550642,Restricted,Medium,25571,6452,68.44,11.28,UberPool,Lyft
e4c82c1a-28e2-4d04-80bc-de6bb49e1405,North Grant,Trinidad and Tobago,Europe,8157776,Restricted,Low,20751,386264,82.05,7.03,UberPool,Grab
0a90d561-dc7e-4246-acdf-cd88d96d1be2,New Laurie,Greece,North America,5567181,Restricted,High,13124,280232,99.63,14.11,UberPool,Ola
df9d834e-4253-44d8-9038-f38847377e97,Tinashire,Tokelau,Australia,1060170,Restricted,High,5215,350579,91.23,16.83,UberEats,Local Taxis
146fbd07-a8ed-4a96-b704-a7b3f7e9dcc7,South Sarahfurt,Philippines,Europe,9154703,Banned,Low,26236,233007,39.76,13.56,UberPool,Ola
740835dd-f338-495c-8467-bd16230eccc2,Cameronville,Nauru,Europe,8300449,Allowed,Low,41190,340805,377.43,9.84,UberPool,Lyft
fed8874e-b358-4c52-8215-642e44f92d4a,Williamsside,Niue,Asia,9043357,Restricted,Medium,8090,205684,64.97,13.5,UberPool,Lyft
c8899006-f16b-49b9-841a-f2b020f1c23a,Jeanettefort,Ghana,Australia,8336429,Restricted,Low,10660,491276,49.13,5.62,UberPool,Local Taxis
0cc21d2c-0d21-48c1-b27c-c3c4a5cc1ff9,Ginamouth,Papua New Guinea,South America,5654466,Restricted,High,4533,203907,65.23,12.6,UberPool,Grab
d088d0e6-756f-4255-9f72-54d26c190b93,West Aprilview,Azerbaijan,South America,4712491,Allowed,High,38499,292027,79.87,8.17,UberPool,Lyft
78bf3d8e-dfe2-4d54-a742-0e897dc4c9b1,Kellystad,El Salvador,North America,6321157,Allowed,High,29631,321482,5.25,6,UberEats,Grab
0db30eae-b500-4a9c-a05e-cd21270a8407,Lake Elizabeth,Kenya,Australia,5867840,Allowed,Low,14968,24641,90.82,7.96,UberPool,Lyft
b309ad4f-26b8-4a52-b9df-0fc09684062c,Jessicaview,Oman,Europe,3630012,Allowed,High,27414,184754,40.74,7.88,UberX,Lyft
95ec5cc7-9e2a-47ca-84af-7ba0b9eb10b8,Craigmouth,Dominican Republic,South America,7847318,Restricted,Low,20890,186573,406.72,13.59,UberEats,Ola
fb852a6b-2037-4e59-9aa9-b794f85294ad,Allisonfurt,Tanzania,Australia,2587187,Allowed,Low,23203,227676,55.93,14.71,UberX,Grab
2d0be279-c3b6-4455-b7c7-574d6a9f141e,East James,Saint Martin,Africa,2147002,Banned,Medium,7010,10655,15.7,12.55,UberX,Local Taxis
770dd86e-1f7c-47dd-a5ef-50859884707a,Murrayborough,Spain,Europe,3247947,Allowed,Medium,11609,328068,89.95,3.16,UberEats,Local Taxis
e7151e73-e9b4-4656-ab74-f34794681d27,Stoneberg,Brunei Darussalam,South America,4822578,Allowed,Medium,31095,10110,38.8,3.78,UberPool,Lyft
b379744d-18d8-49ac-883d-ede07bf6843a,Murrayfort,Algeria,Australia,5107794,Banned,Low,42891,368898,81.5,14.21,UberEats,Ola
85803557-3e12-4098-90c9-a4523a8e836d,East Carrie,Bulgaria,Australia,5231941,Restricted,Medium,38316,477994,14.36,10.12,UberEats,Grab
e20c4256-3cc1-449a-8357-fd6230b357f3,West Joseph,Algeria,South America,1418447,Allowed,High,48541,44485,40.34,17.13,UberEats,Grab
faa4c2d0-1146-4d0c-9ece-3544837c31ce,Michaelberg,Mozambique,Europe,2835199,Allowed,Low,23035,239391,37.42,17.63,UberEats,Lyft
c960c9fd-36fe-4bfb-bfda-972b7bf0a6c5,Port Josefort,Kenya,South America,5125641,Allowed,Medium,37157,271496,76.24,19.2,UberX,Grab
6338cdf9-6cbf-4e45-9bd1-3ed08d37027d,Port Brett,Montserrat,North America,4323291,Banned,Medium,7675,278960,26.32,14.32,UberX,Lyft
7bab403b-1041-44b3-9b43-25bf94c5b08c,Dustinmouth,Mayotte,Europe,5529203,Restricted,Medium,11021,148795,13.89,11.28,UberX,Local Taxis
34aaad75-2280-4470-87b1-c08eb593781b,East Benjamin,Anguilla,Europe,6378214,Banned,Low,4208,124172,49.51,12.95,UberX,Grab
4e1816db-60e8-48f2-96ce-8ba53134cc70,East Ginaborough,Pakistan,Africa,8063766,Allowed,Low,27804,193588,22.37,4.21,UberPool,Lyft
ccf1d65d-10d1-4beb-9a8d-f27c25ad8a2a,Port Emily,Singapore,Australia,2794646,Restricted,Low,36925,201444,86.48,7.77,UberEats,Local Taxis
aac52e28-bb0a-4f75-840c-650fd6aa3413,Adamshaven,Papua New Guinea,Asia,8223928,Banned,Low,17646,287299,46.52,12.38,UberX,Grab
056d7cf1-5601-408a-be53-3d03150d75f4,Lake Gregory,Netherlands Antilles,Asia,320997,Restricted,Low,22606,209771,105.29,13.08,UberX,Lyft
6590fc10-63e9-4206-8149-0d05edcb40f3,Donnaside,Korea,Africa,6024819,Banned,Low,1909,256766,453.27,3.53,UberEats,Local Taxis
527fd80c-469e-4c33-b3a1-53620ff8a6fc,North Amandaview,Bahamas,South America,7257832,Allowed,High,47001,326923,66.85,12.07,UberX,Ola
a9fc70ed-af6a-45a9-b856-38ea091604a5,Port Davidmouth,Cyprus,Australia,4952852,Restricted,High,47283,178952,23.97,13.4,UberEats,Lyft
d3521f31-3f45-4f9b-ace7-0542e207a33d,North Kyle,Iceland,Australia,500815,Banned,High,46318,418077,55.74,13.38,UberPool,Ola
6151dc53-68ba-49bd-a97d-bf6dc2d883f2,Lake Mary,Monaco,Africa,751469,Restricted,High,47270,133249,43.17,17.23,UberPool,Local Taxis
e9adfb43-2d87-450f-b88c-ad95e3b4f7d9,Christophershire,Nicaragua,South America,228465,Restricted,Medium,36837,399605,64.64,5.55,UberX,Grab
445a90eb-8ea5-43d8-be49-d6e1f3a5ff62,Thomasview,Aruba,South America,5931076,Banned,Medium,40223,61180,55.79,11.92,UberPool,Local Taxis
69f85f4a-1087-4595-b17a-79c62c07e350,West Matthewville,Nigeria,Australia,4718450,Restricted,Low,36137,126754,44.97,6.13,UberPool,Local Taxis
c670ad18-5f61-48d2-855f-be2f0af9c30f,Danielmouth,Papua New Guinea,Asia,6669187,Restricted,Medium,46661,261825,5.64,3.58,UberPool,Local Taxis
8a515eda-6ae6-48cc-89d6-84366c36ca4d,East Lindsayborough,Cocos (Keeling) Islands,Europe,8888644,Restricted,Medium,3247,466852,94.28,16.18,UberPool,Local Taxis
2c27dcfa-e5de-4722-8aee-bca9e4fe92b6,North David,Libyan Arab Jamahiriya,North America,449911,Restricted,Low,7270,113270,63,15.63,UberPool,Ola
65c646d3-709e-4f28-9301-7c508e30dfda,Rowemouth,Guatemala,Asia,5966516,Allowed,Medium,15689,45235,29.73,14.38,UberEats,Local Taxis
50cda7b9-54e6-4b94-b9c0-8910fc12c8c0,Port Ebony,Belarus,Africa,2002418,Restricted,Low,16521,383918,157.28,11.35,UberPool,Ola
4eb6c61a-b8d2-4219-86ca-b79565e5ad5a,Geoffreyhaven,Saint Vincent and the Grenadines,Africa,7181645,Restricted,Medium,15360,248411,6.76,3.53,UberX,Ola
bb79d9c3-3fb0-476b-8b86-1524aff2ef6c,Lake Johnstad,Austria,Asia,9921761,Banned,High,32166,387932,81.94,11.02,UberX,Ola
819c4f95-6df1-4c0e-9343-3740a9625b58,Jacobview,Saint Martin,South America,4666118,Banned,High,25998,285292,7.69,14.29,UberPool,Lyft
e2ec7493-9ad9-4018-b671-2b07d7731739,Lesliehaven,Indonesia,South America,5098771,Allowed,Low,38304,113207,65.97,13.75,UberEats,Lyft
622cf01c-c494-4e56-bf31-c5ad57cde55a,Port Angelica,Armenia,Asia,3159526,Restricted,Medium,8881,315239,8.03,10.25,UberPool,Ola
e7f238be-4475-4ed3-909d-23db39923453,Sherryville,Egypt,North America,3596844,Restricted,Medium,26724,7773,26.19,19.24,UberEats,Lyft
54942368-0db1-4d4c-ac74-941dde3cd934,Smithshire,United Arab Emirates,Asia,9089090,Allowed,Medium,36821,108534,5.07,12.49,UberX,Ola
dff844d6-ec04-4418-8c72-993010af0ae6,West Randyville,Lebanon,Europe,4752778,Allowed,Medium,39026,276673,15.27,7.26,UberX,Ola
789ba6fb-ff7a-4baa-997f-40fea5cc66f0,Greenshire,Malaysia,South America,9663893,Restricted,High,31621,228926,52.9,2.16,UberPool,Local Taxis
4fab0186-e558-40f8-8099-c9e1c9d973e1,Joeton,Morocco,North America,4994383,Restricted,Low,14689,334500,81.2,4.87,UberPool,Ola
24d5ec93-5a0f-4f69-a9f9-fa672522f72d,Woodsville,Gibraltar,Africa,3498319,Restricted,High,38443,442350,9.29,12.17,UberPool,Grab
8266ae93-caed-4598-bfef-807ad9c3fbcb,West Patricia,Central African Republic,Africa,5036327,Banned,High,43635,61925,13.76,5.02,UberPool,Grab
c43b244d-0148-4d64-95d3-0bba2d9cc780,Krystalshire,Italy,Asia,7160889,Restricted,High,36828,125508,428.95,13.12,UberX,Grab
7a716260-a1ea-4b7f-b676-050bb42524ae,East Joshuaport,Netherlands,North America,4131042,Banned,Low,33227,42822,16.27,10.24,UberPool,Ola
34a4040e-e43f-49ee-9a94-09747e02e19a,Yangbury,Cocos (Keeling) Islands,Africa,2969874,Allowed,High,1977,384416,61.23,9.85,UberX,Grab
fa806ee5-a150-4601-ad59-1ec45d087d52,South Michael,Aruba,Asia,137175,Allowed,Low,43929,181865,82.65,3.38,UberEats,Local Taxis
6bea3ff1-4a7a-4968-a882-4e34ff2fde6a,Johnland,Ukraine,Africa,3519816,Allowed,Low,20338,237566,54.45,8.77,UberX,Grab
e8bc4d64-50e2-4503-870a-b8783c095577,North Michael,Chile,Africa,1724496,Banned,High,28461,422508,44.52,14.74,UberPool,Lyft
300e7943-f5d4-48bb-b967-dbc0dbd5aa6b,South Jessicamouth,Dominican Republic,North America,8682927,Allowed,Low,3939,44378,469.73,5.33,UberX,Grab
681a8749-0ae3-4bd4-9ddd-59e12d757405,New Laurenburgh,Sao Tome and Principe,Africa,5627067,Restricted,Medium,16648,317940,17.72,5.11,UberEats,Ola
cee5fcdd-9927-400f-a01a-0efb98a6d4b2,Jamesfurt,British Virgin Islands,Australia,1038869,Allowed,Low,39393,13725,43.43,11.29,UberPool,Lyft
a84bedef-67b1-4f48-93ab-6739ad9bb1ec,West Brittneyfort,Uruguay,Australia,1543385,Restricted,High,21962,339402,92.43,4.28,UberPool,Lyft
bb55b9a1-0620-4ed9-8cc7-ef9f1c2a36a5,West Vincent,Georgia,Asia,8334629,Banned,Low,21668,488673,35.03,3.54,UberEats,Lyft
196e4f9f-78c2-4cae-ac76-5817a7c92c1c,Annaview,Guinea,North America,405631,Restricted,High,2912,85216,47.24,12.01,UberPool,Ola
9eccc7c7-27e8-42f3-851f-160f022bf848,Port Calebland,Holy See (Vatican City State),South America,2763180,Restricted,High,24758,278180,188.86,5.11,UberEats,Grab
6fa2c0a2-28f5-4075-b862-2218f7f052a9,East Stephenmouth,Bulgaria,South America,4756647,Restricted,Low,30808,375621,482.05,14.29,UberEats,Lyft
6b231ea9-7c81-4416-9b43-8dc658666f2d,North Frankburgh,Heard Island and McDonald Islands,Asia,9272300,Banned,Low,21106,223966,75.8,15.59,UberX,Local Taxis
e2bf4be8-7fc6-491f-b173-5f7386f791ae,Jennifermouth,Latvia,Asia,7752005,Restricted,Low,13437,43486,305.96,10.48,UberX,Local Taxis
b0ffba15-f49a-4cad-9686-fa0299bdeb22,Matthewbury,Sri Lanka,Africa,3554428,Banned,Low,46227,319326,75.86,16.31,UberEats,Ola
5662354f-0450-4b81-a75f-d8f1a26bc7fb,Timothymouth,Cayman Islands,Africa,9163536,Banned,Medium,21062,323597,77.91,19.56,UberEats,Local Taxis
a8f535e4-ac39-473a-a43e-6539b068f050,Michaelburgh,Croatia,Asia,8563357,Restricted,Low,11578,478208,73.92,7.96,UberPool,Lyft
8aff5bd8-6c8d-4a30-89bd-f73e7881c2bf,Walterhaven,Nauru,South America,5314546,Allowed,Low,7834,176624,34.76,6.52,UberX,Grab
fb8b0b57-44af-4128-ae05-2c32fdc19ec1,Calebberg,Mayotte,Asia,8891842,Banned,High,31759,125243,80.19,15.88,UberX,Lyft
e4dbd30a-4a93-4abd-a126-65004110b072,South Adam,Bulgaria,Africa,5991243,Restricted,Medium,14394,317082,497.51,13.8,UberX,Grab
c8539005-6cfe-412e-acd1-9626345690f5,Arnoldstad,Holy See (Vatican City State),Africa,1186828,Allowed,Low,22611,106822,11.09,2.1,UberEats,Local Taxis
ca00c450-7211-4ed6-8683-d58d472a4b87,Youngport,Finland,Asia,1626866,Restricted,Low,48443,411043,82.63,12.73,UberEats,Ola
300b6c6e-c0ff-4bf5-b05a-03a4c45931d9,Lake Jessicaton,Greece,Asia,2834426,Banned,Low,18490,73971,297.91,2.9,UberPool,Local Taxis
2eba77ca-9fac-4f51-8123-9be26801aecf,East Brandonmouth,Guatemala,North America,8363096,Allowed,Low,689,247525,43.73,12.22,UberPool,Ola
0beea077-a42d-456d-bcd4-e740190490c9,New Jeff,Tonga,Africa,9036078,Banned,Medium,31951,332606,58.53,8.28,UberX,Grab
d1fe856b-748f-4b51-955a-d6791742fb7e,Mitchellborough,Heard Island and McDonald Islands,South America,6746285,Restricted,Low,29185,35574,93.86,2.82,UberEats,Local Taxis
8cf3bcc1-2041-4f8b-b01e-e32cdfe0da83,Port Kelly,Belgium,North America,3441845,Allowed,High,33751,397369,265.43,19.39,UberPool,Local Taxis
a0dc170a-09d8-41d9-aae0-a09c9e54b001,West Michaelside,Northern Mariana Islands,Asia,7958364,Allowed,Medium,30945,344619,45.46,12.17,UberX,Grab
f39887f2-021d-4b13-9865-005461d42eaa,Staceyberg,Mauritius,Asia,5558485,Banned,Low,44215,287177,70.73,16.09,UberPool,Grab
59759edd-709f-4558-b8ad-83cfc35b3c07,Petersonside,Turks and Caicos Islands,Australia,8835491,Allowed,High,30512,208677,86.17,14.81,UberEats,Lyft
5777c222-e095-4376-bb60-23a4c18148a8,Edwinfort,Guernsey,North America,693936,Allowed,High,47298,119075,27.82,5.7,UberX,Lyft
c16c4bba-e40e-413f-84c3-63b44b320720,Bellfurt,Saint Vincent and the Grenadines,Africa,5461349,Allowed,Low,22454,115505,47.17,18.33,UberX,Local Taxis
a71e12c9-aa73-459c-ac26-b950300f6956,Ashleybury,Gabon,South America,4931382,Restricted,Medium,37916,176415,440.6,18.19,UberEats,Ola
dbb1c5ae-9d97-43e9-95ec-145d56a681cb,New Edwardchester,Sierra Leone,South America,7256568,Banned,Medium,12161,442617,66.11,11.46,UberPool,Ola
16542bde-594a-4168-880c-e48593621d52,Lake Keithfurt,Wallis and Futuna,Asia,6738701,Banned,Low,46618,210085,91.92,10.63,UberX,Ola
14bc5635-ac1a-4d32-97bd-db1fd4f0b1b0,North Robertfort,Romania,Asia,4398817,Allowed,Medium,27282,153691,72.03,9.12,UberX,Local Taxis
2574b53b-7a78-4b33-9e0b-36bcbc4fdeb7,Peterside,United Kingdom,North America,4324927,Restricted,Medium,40955,95483,68.02,17.57,UberX,Lyft
e9a46586-747f-41fc-93b2-62f2f6460596,Davidland,Monaco,Africa,5695885,Allowed,Medium,22799,100728,12.73,16.52,UberX,Local Taxis
1a28a7bb-1a78-4852-9c82-85b90578c623,East Beth,Botswana,Europe,6680298,Allowed,Low,27912,304152,58.12,2.85,UberEats,Lyft
d04da4ef-0af0-4652-a82d-b9b7366f88f7,Jenniferstad,Chad,Africa,9514328,Allowed,High,26659,245509,94.2,7.02,UberX,Ola
0fc2db8c-ee0b-4374-a253-ffe267889f0b,Sarahhaven,Bangladesh,Africa,4758225,Restricted,Medium,30866,216590,36.98,6.98,UberEats,Grab
d7dd0324-bf5e-464b-8f3b-d0dc49f14d46,Cantrellburgh,Cyprus,Australia,4924795,Restricted,High,8583,356729,92,6.06,UberEats,Lyft
8cd6bce5-6bf2-4a04-8ba7-a9e4cbad8b71,Port Brooke,Mexico,Europe,4587219,Banned,Medium,48722,484835,69.05,12.87,UberPool,Ola
7fd17ac0-cfbe-492b-8de9-4b7efad0543c,Wellston,Korea,Europe,9482283,Banned,Low,49022,41536,74.67,16.73,UberEats,Ola
772a5368-f69d-44ae-a631-7948ce4f4c2d,Zacharyfurt,Saint Lucia,South America,7647863,Banned,High,32091,137904,38.7,13.38,UberPool,Ola
b2f7fd47-ff1a-40cb-af16-803ff93bd1b3,Lindachester,Russian Federation,Europe,1226634,Restricted,Low,20281,343155,116.33,14.82,UberX,Ola
40b99de8-c39d-4b23-975c-bbd9ab97560e,New Sharonhaven,Benin,Asia,9210158,Restricted,Medium,37475,166212,35.05,11.39,UberPool,Ola
d021595a-b425-4381-b839-b9d28cf453a0,Gregoryfort,Ireland,Asia,7267169,Banned,Low,28852,397031,58.87,15.84,UberPool,Lyft
6d79f932-d589-4798-809b-aa5031de5f8a,Port Christine,Svalbard & Jan Mayen Islands,North America,1548119,Allowed,High,27762,319024,88.29,3.81,UberX,Local Taxis
ab2c88f9-3ba8-4645-885f-cd54f287ad3a,West Kathleenchester,Barbados,Asia,1035092,Banned,Low,22790,246908,6.94,10.33,UberEats,Grab
2de63967-82d9-480e-aeaa-b12ede0640e1,East Justin,Christmas Island,Africa,6440611,Allowed,Low,4099,237012,15.18,10.77,UberPool,Local Taxis
756ae216-4545-43a3-98a4-ff36a7884e55,Brownville,Jordan,South America,1784240,Banned,High,23816,357947,89.03,13.53,UberPool,Lyft
a1818128-74ec-444f-94ef-907668548ab8,Davidsonfurt,Indonesia,Africa,2927876,Restricted,High,4605,96810,6.06,14.34,UberEats,Grab
3ff174e8-54ac-4845-87be-beda5f1e3bcb,West Joshua,Syrian Arab Republic,South America,6708235,Banned,Low,26087,259095,60.17,13.11,UberPool,Ola
451d6023-4757-4edb-9417-a6518eae281b,Peterburgh,Gambia,Asia,2080038,Restricted,Low,1950,185598,53.32,17.46,UberEats,Ola
4eedd235-0a0d-45ac-bd53-81177781492b,Brianstad,Jamaica,South America,7913495,Allowed,Medium,28784,226847,67.09,2.97,UberEats,Lyft
d9ff6ab4-ce54-4ad5-931d-a921c6bbcb00,East Jessicashire,Mayotte,Europe,4437608,Allowed,Low,8803,281784,71.31,14.27,UberEats,Ola
5903ea0f-5827-47d4-9b92-0074341dc46e,Danielmouth,Myanmar,Asia,7468989,Restricted,Medium,48973,466182,99.82,2.83,UberPool,Grab
39e16692-1923-4f91-a0b8-e0191681ef4d,North Gailchester,Guatemala,Australia,2707005,Banned,Medium,34611,439011,89.17,6.67,UberX,Lyft
9202fcb7-6cf6-4a39-b327-74a95b59301a,North Aliciahaven,United Kingdom,Australia,7739435,Banned,Medium,30854,495512,74.95,12.79,UberX,Grab
6f1cd5a6-4db6-4faf-80fb-97f9e066c1d2,East Ronald,Grenada,North America,4077693,Restricted,High,5661,212543,53.16,13.78,UberEats,Lyft
d35a8d62-9a73-4f1e-8014-b494ef5311de,Hillstad,Togo,North America,6668591,Banned,High,46671,198068,59.89,14.32,UberPool,Local Taxis
0b97e9d9-0c94-4de2-9962-0196c8e21110,Vasquezshire,Kazakhstan,Europe,8145066,Restricted,Medium,1084,49096,18.36,18.44,UberPool,Lyft
9c617301-b96a-421f-a404-68700f5f20a4,Leemouth,Timor-Leste,Europe,7803672,Allowed,Medium,27069,184361,79.67,9.38,UberEats,Ola
7e8fdf2e-80e8-4744-9ebf-e2c8089611ad,Taylorborough,Jordan,Europe,9179454,Restricted,Medium,10902,412256,61.06,19.39,UberX,Grab
fa19750d-13c6-4687-a18a-a6965c800a8c,East Bradleymouth,Italy,Africa,1138670,Restricted,Medium,45609,135865,76.37,10.99,UberX,Local Taxis
23656f6e-d42f-4ee0-8d4d-44ecdb2fa682,New David,Micronesia,North America,4323477,Banned,High,42302,387011,319.17,6.87,UberX,Ola
b89c4c6a-64b2-496b-979d-d04ecabce02d,Sotostad,Hong Kong,North America,5311238,Restricted,High,45705,328153,19.74,14.39,UberEats,Ola
a0712467-c52d-4ff5-b3d4-d2956a4de4ca,Michelleview,Korea,Europe,1876109,Restricted,High,27246,164432,7.57,14.14,UberX,Lyft
a1561863-7b28-4032-af98-5c9de5167dbe,Christopherside,Norway,Europe,4851583,Restricted,Medium,44783,126696,46.1,19.57,UberPool,Grab
96791e7e-99dc-4840-8741-b68aa4718e8f,South Davidtown,Gabon,Europe,9590471,Allowed,Medium,40669,123990,27.66,17.71,UberPool,Local Taxis
fa83ad6e-fcf8-42e3-9526-5250564c619c,Matthewville,Lao People's Democratic Republic,Australia,4684128,Allowed,Medium,27189,325172,32.63,19.25,UberX,Local Taxis
1d34194a-79ec-4705-bd22-3281ba130483,Phelpsshire,Peru,Australia,4787526,Banned,Medium,15500,431302,26.72,19.74,UberEats,Local Taxis
f65698f1-3435-47a3-bb8a-e8247a1b02fb,North Mary,Bouvet Island (Bouvetoya),North America,4568134,Allowed,Low,15386,373126,68.39,16.89,UberX,Ola
d4e4bb28-5c99-4f0d-8614-326e3b0d8c5d,Rogerstown,Guinea-Bissau,Australia,8647282,Restricted,Medium,36534,351895,46.09,17.19,UberEats,Local Taxis
c7ce773a-0345-4487-9fb4-dd96f99bc406,Port Ashley,Argentina,Europe,2578103,Restricted,Low,33067,301707,12.29,5.66,UberPool,Grab
54bd2877-727c-47e5-b3c6-e39b6462f990,New Michael,Namibia,South America,5955968,Restricted,High,20920,316328,73.98,10.79,UberPool,Lyft
efba550e-61f2-4c4e-9481-b8fb5f636c7e,North Kimberly,Seychelles,Europe,738824,Restricted,High,7767,82040,71.43,10.61,UberX,Lyft
74dbe33e-5fd8-42dd-9400-bc9ea0e025f0,Lake Jamiebury,San Marino,Europe,7115084,Allowed,Medium,25847,228310,61.33,4.92,UberEats,Grab
3138d5cf-9b94-40b8-b34d-ea7c5a0124a8,Johnsonchester,Iceland,Asia,2630669,Allowed,Low,32309,419412,137.38,17.06,UberX,Ola
1ee236b2-01d9-42b6-9ff9-5cab85b3b353,South Jesseland,Switzerland,Asia,4589048,Allowed,High,3968,468742,68.89,3.58,UberEats,Ola
b76368ce-9b6c-4fc3-984f-35b362b832f0,Kelseymouth,Guatemala,Asia,574099,Restricted,High,32503,202452,69.23,11.42,UberX,Grab
c7a961ae-913a-4ece-8dac-7e0a681ee350,New Keith,Christmas Island,Asia,6715939,Allowed,Low,19306,488602,40.49,8.31,UberX,Grab
58bc0315-c0a9-4e21-a1f9-52524cb4d136,West Javier,Tunisia,Asia,2609416,Allowed,Low,30804,402957,40.84,15.19,UberPool,Lyft
fa228c60-b90d-4aaa-99d9-afa0be29d2da,Jamesborough,Guadeloupe,Asia,8821505,Banned,Low,33393,188278,66.39,19.45,UberPool,Ola
ac9e475d-257a-4850-ba15-bede277f3025,South Michele,Norway,Australia,6404397,Allowed,High,14565,162416,30.67,5.62,UberPool,Local Taxis
cefe9cb1-34ec-4853-88a8-7bd8ff70b212,Sarafurt,Iran,North America,1191701,Banned,High,28699,399913,33.26,8.06,UberPool,Lyft
360349c7-b950-455d-8300-df23dee55329,West Danielleshire,Nauru,South America,1618571,Allowed,Medium,48276,126737,89.22,16.47,UberX,Lyft
a7644836-1fcd-43f7-89ed-cdf535f82d72,Whitakerside,Solomon Islands,Europe,8316783,Restricted,Low,36291,464051,63.92,3.44,UberEats,Ola
f91e836b-3820-46e6-b60a-6e14b87a5cb0,Port Fredville,Gabon,Africa,125860,Allowed,High,49940,344605,46.83,3.53,UberX,Lyft
6c41b373-0d21-4508-a83f-23e8899ae687,New Christopher,Tajikistan,South America,5773094,Banned,High,44414,244887,38.78,13.35,UberX,Local Taxis
bd240071-04f2-4269-9694-54c62eaca1fd,North Patrickborough,Puerto Rico,Australia,6294080,Restricted,Low,25278,106411,7.99,6.95,UberPool,Ola
5eab82ff-1daf-484f-b873-9ea26ba4427f,Emilyside,Northern Mariana Islands,Europe,1028935,Banned,High,16387,219084,14.7,9.99,UberEats,Local Taxis
5b30333b-ffb1-4a81-acb7-3c00da2cf5bd,Woodsstad,Chad,South America,3130156,Banned,Low,36630,454308,90.35,5.01,UberX,Local Taxis
0566ecb7-d594-472f-920b-616c736d27ca,Warrenview,Cameroon,Australia,4648273,Banned,Medium,15934,444020,36.9,13.9,UberEats,Ola
29a807c2-efa2-4b25-8d14-d0e48334f4d7,New Jessicachester,Ukraine,Asia,9852170,Allowed,Low,13343,84615,98.79,17.52,UberEats,Grab
dc1e6c38-c512-4b75-9051-65fbbe48f0f3,Wendyview,British Virgin Islands,Asia,8839222,Restricted,Low,25516,400519,45.73,17.25,UberX,Grab
f2b2afdb-34bb-448a-83f9-6599d5d8fe03,East Chad,Tanzania,Africa,1902097,Restricted,High,48613,420221,27.05,11.09,UberPool,Lyft
b8203531-198e-4f6f-af45-39b4b8c169b0,North Kyle,Iraq,Africa,6533257,Allowed,Medium,22694,163755,25.01,12.04,UberPool,Grab
54b82e3a-5de7-4db4-9076-3558ee01b736,Banksborough,Turkmenistan,Asia,7236500,Allowed,Low,24441,172736,90.87,13.81,UberPool,Lyft
0ac8a578-ffa0-482d-81f0-6c8a4f7eb1be,South Stephenside,Turks and Caicos Islands,Asia,472679,Restricted,Low,39953,473304,84.69,3.84,UberEats,Local Taxis
952f2421-1b83-4d3a-bdfd-99cc723ca4bb,North Brettbury,Austria,South America,2731398,Restricted,Low,42807,436247,13.73,17.39,UberPool,Local Taxis
780c797b-f657-4be2-8a31-57fef8ca121c,Lake Gregory,Japan,Africa,3608869,Allowed,Low,12858,162519,136.84,16.36,UberX,Local Taxis
6ad0eb6a-2f61-48c0-9eec-bc12680278a6,Connermouth,Angola,Asia,8562891,Allowed,High,42597,279821,82.15,3.75,UberX,Ola
9e7fdcbc-a291-467d-9ce3-b44d8bf63a09,Victorfurt,Kiribati,Africa,2398467,Restricted,High,16161,142776,97.41,14.95,UberPool,Local Taxis
c4718926-d6de-450a-b917-52969675e633,Smithberg,Nigeria,Africa,589760,Allowed,Medium,24076,68442,85.66,15.31,UberX,Grab
44ca35c8-751d-4bcc-b3ec-40fa9ac026f0,South Karen,Yemen,Australia,7997338,Allowed,High,46775,467217,35.69,11.16,UberX,Ola
924e454f-773d-455e-aca8-0046ca87e2f0,South Patrickmouth,United Arab Emirates,North America,3473353,Banned,Low,5656,413275,90.92,6.72,UberPool,Lyft
282244ab-1b9a-4a20-acea-6f9cf173c110,Danielside,Andorra,Europe,4008735,Restricted,Medium,18481,139530,85.76,11.56,UberEats,Local Taxis
d4135ab0-5702-4684-ae44-583c6907797f,South Nicoleshire,Croatia,Asia,9775022,Banned,High,44592,72127,12.36,17.13,UberEats,Grab
ccaca5c3-a246-40e8-a1fc-93a345753595,Williamsshire,United States Virgin Islands,Africa,880266,Restricted,Low,7035,153994,72.79,5.05,UberPool,Local Taxis
c3c1def8-db22-41cd-a732-278c895f3ae4,Newtonmouth,Nauru,South America,1623973,Restricted,High,41535,12468,58.88,18.01,UberPool,Local Taxis
5b3f1499-787a-4129-97a4-b7a099dbf533,Lake Amber,Mozambique,South America,5694244,Banned,Low,31606,496821,36.86,18.6,UberPool,Grab
bd24dcdc-b47e-431d-a2ce-dc4a7b855d0b,West Joseph,Iceland,Asia,8046431,Allowed,Medium,15125,98311,98.94,16.47,UberPool,Lyft
cda1c6f3-061e-468c-b702-f906c9db6f74,Jasonfurt,Iraq,Australia,6574362,Allowed,High,42743,445443,88.92,10.28,UberX,Local Taxis
74fd509d-e339-4b90-a4d4-98e797d36cca,New Richardview,Georgia,South America,6938255,Allowed,Medium,45413,58803,50.44,18,UberX,Local Taxis
f5ce1022-57a4-419d-8ea6-954b700000ef,Jayside,Cameroon,South America,1759251,Banned,High,25971,154035,81.36,13.42,UberEats,Lyft
7350d0b6-b87a-44c7-9335-af74c6113d3f,New Heidi,Hungary,Africa,7291223,Allowed,Low,20432,206393,90.35,19.72,UberEats,Ola
a61c2b24-1ff8-4f27-871e-087cdf94fccc,Rodneyberg,Switzerland,North America,4019764,Allowed,High,22137,487996,36.42,19.84,UberEats,Ola
21bb8cfd-3487-45c6-86bb-b4d4c2d30647,West Shari,Poland,North America,4171575,Banned,Low,36336,416365,36.66,11.47,UberX,Grab
ad86f523-0920-48ad-b061-8a73a2891915,Port Amandaburgh,Lao People's Democratic Republic,South America,1264157,Banned,Medium,15768,215463,44.96,17.12,UberX,Ola
dfef7b54-8ccd-42d8-9216-2db7b44839f4,Lake Phillip,Timor-Leste,Asia,3947404,Restricted,Medium,37950,240982,59.83,19.02,UberPool,Local Taxis
56e3b727-24f3-4002-b113-121904b35f6c,Heatherhaven,Jamaica,Australia,3823972,Allowed,High,40374,166135,24.14,15.47,UberEats,Lyft
f211cd32-4ec0-44cc-8c0c-4ca33b244047,North Barbarabury,Libyan Arab Jamahiriya,Asia,5716407,Allowed,Low,12064,259634,80.26,16.39,UberPool,Local Taxis
9b8c0328-30ab-4657-a6f3-759d3dd113b0,Jacksonmouth,Gibraltar,South America,9134575,Banned,Medium,40534,99826,33.23,13.91,UberPool,Lyft
8be830a3-c3f8-4f72-bc85-0d614fe3177a,Wadebury,Djibouti,South America,3303178,Restricted,High,32658,126301,80.39,9.33,UberPool,Ola
de160a6b-103b-4e4d-9e29-c6efaa52972d,Port Michelle,Monaco,Australia,5073725,Banned,Low,41520,193373,13.78,6.41,UberPool,Local Taxis
a05e8816-1d23-4766-9bd6-0a0deeebfcc3,Port Evanberg,Uzbekistan,Australia,7479071,Allowed,Medium,23381,126068,45.48,4.12,UberEats,Local Taxis
0d8e6c30-927b-41ef-abf3-f5a71f155b93,Wardside,Latvia,Australia,2370779,Banned,Medium,46599,424834,28.15,14.16,UberX,Local Taxis
d2ad964f-1d0d-4edb-a89a-adc834f84c6a,Josephtown,Lao People's Democratic Republic,Australia,6168775,Restricted,Low,37924,232248,400.73,12.92,UberPool,Ola
73008a4c-ab4c-4eb1-b20f-356df51555a7,North Joshuafurt,Congo,Africa,1100538,Banned,High,11455,65331,53.71,16.37,UberEats,Ola
4fdb7ac7-b11d-4822-9d5c-a3205a7033fd,East John,Tunisia,Africa,2321640,Allowed,Low,45794,237649,71.11,9.97,UberEats,Ola
22b2faf5-53f4-48de-8abd-f25ca23c2bb7,West Chelsea,Montserrat,Asia,8136541,Allowed,Low,32394,78129,46.33,4.82,UberPool,Grab
9e24e3b6-f0e8-4936-baf1-20a95a7124da,Bowmanchester,Central African Republic,Australia,7742959,Restricted,Medium,32450,150988,34.41,11.65,UberPool,Lyft
e61e6eca-7dd9-4733-bcb7-b7c7c91cc150,Mcdowellfort,Cambodia,Europe,647821,Banned,Low,30706,82073,67.41,6.87,UberX,Lyft
877db2df-2af3-4fd1-b93b-f1f6caac04fd,Dustinstad,Kyrgyz Republic,South America,2684120,Banned,High,29965,485113,9.89,5.72,UberPool,Grab
ad96bef1-1ccc-4461-9891-d4314e90c051,Knightmouth,Bahamas,North America,1140367,Allowed,Medium,45186,499341,23.47,13.72,UberPool,Ola
878debb7-9f76-4ee4-9688-100845fb940e,Douglasfurt,Niue,Asia,3230605,Restricted,Medium,43028,271604,89.37,14.98,UberX,Ola
b8fdea72-ca02-4b94-9aef-158242f379be,Holtborough,Falkland Islands (Malvinas),South America,2984039,Banned,Medium,6501,55559,64.19,10.46,UberEats,Ola
ea75f0a3-7eb2-4268-b2dd-bf909f351e0a,Bergerview,Nauru,Europe,9921017,Restricted,Low,41308,473864,92.89,3.02,UberPool,Ola
0597a84d-333b-43a7-9465-d0c57cde7bab,Lake Loretta,Lao People's Democratic Republic,South America,3595202,Allowed,Low,26938,293398,88.32,10.29,UberX,Local Taxis
21ee50a1-d759-49ca-88a1-fc0709455a37,Caitlinchester,Argentina,South America,7334985,Banned,Low,32250,157173,79.12,8.26,UberX,Local Taxis
3e3e20c2-07d0-49ae-81ac-a3f4a69a95f8,Bennettview,Palestinian Territory,Asia,3132348,Banned,Medium,23231,93025,23.38,12.1,UberPool,Grab
ae2bfc51-b4b7-4a29-bad3-b542ec29456f,Philipburgh,Lao People's Democratic Republic,Africa,7275401,Allowed,Medium,43820,103987,52.29,5.62,UberEats,Ola
d2900cb1-7465-4c93-85a8-209cbb3c7992,Whiteport,Lithuania,Asia,1671467,Banned,Low,18520,406574,392.61,10.82,UberPool,Ola
5c3339ff-40d0-4685-914b-cc08a7f3a1b8,South Joseph,Mauritius,Europe,4083336,Banned,Medium,22014,487232,98.45,14.01,UberEats,Ola
06996ba0-4a1f-4c87-aacf-18c58d96c161,Andrewsshire,Svalbard & Jan Mayen Islands,Asia,3107442,Banned,Medium,38830,312318,57,8.18,UberPool,Local Taxis
ba9f3d27-a12b-4549-963e-a98dc7687e37,Burtontown,Estonia,Asia,3620650,Restricted,Low,35853,119235,81.05,16.85,UberEats,Local Taxis
b3b87038-2ad2-49f8-9843-a4acd85ea45c,Lake Melissa,Equatorial Guinea,Africa,865044,Restricted,Low,28430,84779,40.95,18.47,UberX,Lyft
e5ce4284-fdb6-4b6d-bc1e-1b59950b872c,Benderbury,Ireland,Asia,1963766,Restricted,High,27886,381503,146.49,9.2,UberPool,Ola
55f94bd6-d5d1-4604-bac6-ec72ef862826,New Johnbury,Honduras,Asia,2960321,Banned,High,42941,403119,213.34,8.89,UberEats,Ola
41c93fa0-30c1-46d0-8cb2-561e1288b003,Port Robertport,Ukraine,North America,5684829,Banned,Medium,13592,302404,86.03,10.09,UberPool,Ola
f2c24a27-2527-4eff-9c0e-74dc8af37e57,Adamsbury,Italy,Europe,4021912,Allowed,Medium,28890,244507,44.83,3.74,UberPool,Lyft
fc4c2310-2f47-4c4b-b958-902bccf83216,East Brady,Nigeria,Asia,828435,Restricted,Low,23759,435548,40.45,3.42,UberPool,Ola
d67bc88d-d78c-4f91-82cd-15f886b34cd7,Traviston,Wallis and Futuna,Australia,2680863,Restricted,Medium,38625,355465,51.53,17.41,UberPool,Ola
3e0685fe-c754-4acc-910c-939abb86fe35,East James,Reunion,South America,9247259,Allowed,Medium,43006,74313,27.52,12.29,UberPool,Ola
722d4150-8111-4fe4-93f6-19c875718696,West Cory,Belize,Europe,3858454,Restricted,Medium,38392,148386,71.9,19.43,UberX,Ola
795d00a2-c4f8-48e9-9435-71d2dcfe3749,Parsonsland,Falkland Islands (Malvinas),North America,3484100,Allowed,Low,8833,71422,96.17,11.31,UberEats,Ola
d2114bdc-d6b7-4e46-95dc-f5b0cbe4cc56,Hoovertown,Montenegro,Europe,9590018,Allowed,Medium,28997,121069,15.06,14.39,UberX,Lyft
56a7758f-0f88-4677-b276-f270423b653c,Bestbury,Kyrgyz Republic,North America,1570824,Banned,Medium,47060,327495,33.86,17.52,UberX,Local Taxis
aa1ef993-8538-4e90-977c-fd8a46b80c62,West Leonardfort,Uruguay,South America,1447037,Banned,High,45996,356958,6.62,16.55,UberPool,Grab
f9de533f-3d90-4317-9d92-40bc3d71ac49,Foxburgh,Sri Lanka,Australia,9680245,Banned,Medium,40183,344950,72.98,8.22,UberEats,Lyft
9278e4ea-9059-4606-8688-ec6f3b7e20a5,Jessicaville,American Samoa,Africa,5559684,Allowed,Low,3127,305255,57.86,14.88,UberPool,Local Taxis
3cd28d02-14e9-4e6c-93cd-cd488382c44e,Richardside,Yemen,Europe,1033356,Banned,Medium,16048,401846,346.41,11.97,UberX,Ola
79ec798f-2157-4f70-97dd-a0b87ce7fcaa,New Gavin,Iceland,Africa,7646338,Banned,Medium,7862,468852,53.82,5.55,UberPool,Local Taxis
3d8e41b2-e71b-43f3-a81b-54060887d7e1,West Marcostad,Nauru,North America,4603930,Restricted,Low,42718,209329,401.42,14.83,UberPool,Lyft
4801c55d-b6fd-433c-9730-01f9ce19f25f,New Gloria,Nepal,North America,1834906,Allowed,High,26026,240838,23.89,17.65,UberPool,Ola
379f54e6-db2c-476a-9973-6c4f0716181a,New Nicole,Korea,Asia,6659383,Restricted,High,32640,489393,64.32,2.83,UberPool,Lyft
a431939b-702b-4fa0-8e48-2a34055baf1f,Brittneyfort,Djibouti,Europe,5176928,Restricted,Low,2837,304277,61.36,8.08,UberX,Ola
04369605-ca42-4575-ac9b-3aa8a70cd707,Camposview,Wallis and Futuna,Africa,4456251,Allowed,Low,40504,207172,30,6.69,UberPool,Grab
e3553e90-fb0a-4530-883f-6cbd80a10e01,North Marc,Netherlands,South America,6747822,Restricted,High,43006,196766,18.76,2.22,UberPool,Local Taxis
628e4eea-9f34-422c-bc6e-6970d0268d1e,East Lisatown,Turkmenistan,Africa,4944410,Banned,High,32586,156963,14.69,3.91,UberEats,Lyft
544538d9-f204-4cb2-8b2d-49a1aac3ab67,Port Leslieland,Colombia,South America,6151509,Restricted,Medium,46156,150998,427.68,15.32,UberX,Grab
18778b0b-ce13-4f3f-9e68-4efca1dc9caf,Emilybury,Turks and Caicos Islands,Europe,6916670,Banned,High,5589,204833,7.43,18.34,UberX,Grab
1484e929-d955-442d-9229-c028cc338a32,Port Michelleview,Barbados,South America,7694727,Restricted,Medium,23445,104621,323.57,9.41,UberX,Local Taxis
83c383b7-6cde-4a10-a13d-797284893ded,East Allison,Mexico,South America,7890707,Allowed,Low,38161,384523,12.67,10.59,UberPool,Ola
73e2957e-83a9-4495-b19b-950aa5e4b510,East Debraland,Bhutan,Africa,1234525,Allowed,Medium,9122,131705,321.45,11.5,UberX,Ola
75d91a14-046d-4464-9d22-e491cd4a7e3d,Duffyberg,Bermuda,Asia,9621402,Banned,Low,32448,449847,58.38,4.17,UberEats,Ola
3120533e-80d0-4e59-b889-1aa880b0a405,East Sherryport,Cameroon,Asia,3132523,Allowed,Low,38033,240393,181.01,2.78,UberEats,Local Taxis
ee78c287-2b2d-48e2-81db-536416d0d437,Thomasfurt,Wallis and Futuna,Europe,7734204,Allowed,Low,44686,179140,8.66,3.61,UberX,Ola
eac8925d-06cf-4df6-bb70-2338c4f23214,Lake Annhaven,Afghanistan,Europe,8044346,Restricted,High,36930,18795,67.14,14.14,UberEats,Local Taxis
be2f0dfc-1e62-4bc7-8e18-e38673e0a014,Lake Autumnville,Norway,South America,3165740,Restricted,Medium,16091,376077,69.68,17.5,UberEats,Ola
a24000d1-f5a4-4b89-af49-b3737af2d6e0,East Tonyaton,Poland,South America,7785141,Banned,Low,41584,97389,24.06,12.67,UberEats,Local Taxis
c89242e0-af35-41e6-8c16-84082e0d502a,Virginiatown,Senegal,Asia,5844580,Allowed,High,17378,167400,8.3,12.98,UberEats,Grab
3aa1d4a9-3db5-4a57-9031-dccdbe7089e8,Brookeport,Saudi Arabia,Australia,3211122,Restricted,High,10100,144520,57.41,13.16,UberEats,Local Taxis
13d15614-fff5-4ca2-b7c8-3fba636f6d69,Kellytown,Niger,Africa,1284729,Restricted,Low,27953,264798,90.86,3.94,UberEats,Grab
87239b93-eb0c-40f1-aace-4a426b8297f8,Millertown,North Macedonia,North America,3148832,Allowed,Medium,10621,407040,52.72,13.6,UberPool,Grab
940b9547-198f-48fa-89eb-6fc94b618748,Michaelburgh,Norway,North America,5367735,Allowed,Medium,30418,464758,69.02,6.55,UberEats,Local Taxis
89ae6f41-5d3f-4b1d-af09-2d85f85f8840,Jamesstad,Barbados,Africa,2017562,Allowed,Low,23977,75094,66.8,6.45,UberX,Local Taxis
ff4a28cb-66ba-4e9d-a860-e2ded57a1aaa,West Kimberlyville,Burkina Faso,North America,411488,Restricted,Low,6418,40841,67.67,14.99,UberX,Local Taxis
d58198f8-66fb-4355-abf4-e610c5da3300,West Phillipstad,Ethiopia,Europe,2983055,Allowed,High,33686,127671,42.1,13.26,UberX,Ola
3cac3e95-3778-4c7c-92a1-51bf730debc5,Jimenezhaven,Lebanon,South America,3305074,Restricted,High,45129,82295,11.21,2.86,UberEats,Local Taxis
92222273-b479-4476-8339-a2d5650f73c6,Proctortown,Cocos (Keeling) Islands,North America,1656318,Restricted,Low,32197,374417,38.43,5.66,UberX,Grab
05b7abdf-2f01-45ca-9410-a240da60afaf,North Rachelstad,Pitcairn Islands,South America,4690471,Banned,Medium,23931,350878,13.69,2.35,UberEats,Grab
d818fdaf-9f2e-4eb5-ad97-c0c1690626c4,Port Jodiside,Turks and Caicos Islands,Europe,5685232,Banned,Medium,20126,239413,16.65,2.34,UberX,Local Taxis
1037b536-68f2-4dce-b0c3-70148642da67,Lake Benjamin,Congo,Australia,9106382,Banned,High,38110,42434,27.13,7.53,UberX,Lyft
630358a2-ac36-4c42-8a70-79c81e78a61f,Port Robertfurt,Uganda,Europe,9665557,Allowed,High,14714,443605,57.44,13.06,UberPool,Grab
fadd6de2-9c77-4cc0-ad62-d9933f5944d9,Lake Scottchester,Cape Verde,Africa,6894026,Allowed,Low,2355,250174,170.74,14.07,UberEats,Local Taxis
ac03f168-1205-449c-b947-aeadd9a9d0a2,Lake Donaldmouth,Northern Mariana Islands,North America,2357312,Allowed,High,19378,269511,82.25,18.5,UberEats,Local Taxis
b93830d8-8432-461f-a147-cc5a2530d346,Port Saramouth,Faroe Islands,Africa,3966101,Banned,High,1126,170461,5.32,5.05,UberEats,Grab
36319392-b153-4d55-9254-64335b0bee19,South Shannonstad,El Salvador,Europe,877275,Banned,High,20747,173514,57.26,17.77,UberX,Lyft
dd6729ba-3151-4402-a28f-e993d8420321,Elizabethton,Peru,Australia,6462090,Restricted,Medium,11547,177357,37.9,9.98,UberX,Local Taxis
97e11130-5818-4cf7-a428-967cde3765e9,Teresamouth,Turkey,North America,5879149,Restricted,Medium,42263,199155,91.49,12.06,UberEats,Grab
48fbc149-c277-45f9-8021-11685d143611,Huntfurt,Vanuatu,South America,9109797,Banned,Low,3408,479040,45.31,9.56,UberX,Grab
eaff68ff-6428-4694-8660-428a21e01f30,Lake Cassandra,New Caledonia,Europe,1003520,Banned,Low,39194,436748,70.82,5.05,UberEats,Local Taxis
134028d5-68d8-4257-841b-2866c00e8099,Dominiqueport,Poland,North America,2971262,Banned,High,14825,351323,22.68,2.56,UberPool,Lyft
dc3ac6fd-ee14-4cd4-8e0d-ec65b71c88ec,Port Kevin,Azerbaijan,South America,1357853,Restricted,Low,43716,394654,60.68,8.32,UberEats,Lyft
f50a96c9-a2a3-4094-87ab-bf32a313bf1b,West Zachary,Bhutan,Africa,3322638,Restricted,High,18635,216814,11.35,5.24,UberX,Grab
3319c237-8753-4b38-8f7f-c07e970d3d87,Jonathanhaven,Madagascar,Europe,9061151,Allowed,Low,11658,429336,47.35,19.71,UberX,Local Taxis
4f06b6b6-48f7-47f6-babd-6f6948d4f2dc,Ryanmouth,Philippines,Australia,8685487,Allowed,High,38382,354143,53.35,6.16,UberPool,Grab
d01e4ca2-83dc-4dfe-b68b-097e4fe1acf9,New Tyler,Andorra,South America,8730921,Allowed,High,18359,196406,283.09,5.52,UberPool,Lyft
3f911455-74c7-4f27-9216-4ff3caa1ae0b,Jessicaview,Honduras,North America,5004405,Banned,Low,5225,428726,92.83,3.77,UberPool,Ola
