ride_id,start_city,end_city,ride_date,start_time,end_time,distance_km,fare,dynamic_pricing,driver_id,passenger_id,rating,payment_method,ride_status
b26d2384-e990-4269-a1b7-6c6e433cfc1d,North Colleenville,Douglasmouth,30-04-2024,06:57:05,23:06:53,2.9,142.1,No,dfe2f726-7760-4fa1-8688-2120938d4c2e,922ec7c2-bcf2-4756-ba85-0fd55739dc2a,2,Cash,Completed
3ef0d969-d19c-4ec1-abed-4fa986168c90,Cindyton,West Melanieland,10-11-2022,14:22:49,02:08:02,28.86,175.96,No,72c4a06e-24d1-4221-8352-3842577f5ad9,7d65fef1-8ac1-458b-be1b-5fbe2b5c4f9a,1,Cash,Canceled
e975dbb0-b118-4431-8228-769b554513d0,Maryberg,New Rachelville,11-06-2021,12:17:53,01:24:20,21.81,119.51,Yes,23c554c6-a183-4b59-8e0b-9c5ba699e98c,a4e4cfcd-14b6-444c-9a38-0bc3d65d74ce,1,PayPal,Completed
c709e75a-9974-4857-8445-d5f9a878f26b,South Cameronmouth,South Shawn,05-09-2022,08:48:50,12:29:13,17.87,120.17,Yes,dcb0d8bf-a327-4f54-8678-8f0d48335812,a902951a-9950-48f5-8f4b-c3e8df004850,4,PayPal,Canceled
c811ae95-ea1f-4859-9df4-0307f484d988,Howardside,New Ricky,21-06-2024,17:59:12,16:05:55,7.48,175.57,No,3faf2901-ab93-471b-883b-17520d3bcc06,d8a535e3-b7e7-4005-9d81-353f57c24cfb,2,Credit Card,Canceled
97073fd9-d93f-42ca-b641-d0653e041306,New Christopher,Meaganside,06-03-2024,02:00:23,16:15:50,27.08,145.75,No,f3ab7fb8-79de-49c8-891f-f8e6b27205f7,ffd59bc9-0b96-46ab-af20-1e94b13f6c60,3,PayPal,Canceled
3c0aa8b2-2bfc-4765-87fd-1629bb74cd2c,South Sonyaport,East William,16-04-2024,16:51:40,20:29:30,2.45,52.85,Yes,27871a81-65c4-4579-916f-c2c7a4866340,8a9aac39-dd7a-4870-a51e-d9ef5a6edc7c,4,Cash,Canceled
58dafd35-9e77-4fd9-acc3-bff2f46e33f1,Hopkinsborough,Feliciaview,04-12-2023,19:04:19,06:58:59,12.52,92.26,No,fdb2e809-df00-492d-ab5a-09892a10f82b,6eff16c2-b2e5-4c2c-a337-f70545525a12,5,Cash,Canceled
7417ec53-28b1-408f-be05-4ff5a46009e7,New Connor,Markland,17-02-2023,23:11:27,21:14:57,49.04,9.28,No,93671f9a-b02b-4765-aa17-e01aab7edb20,d6555b80-18fd-4c16-bba1-4bd278a6ef22,4,Credit Card,Canceled
9f100463-eff6-4600-a6c1-20facc1d02e5,Raymondfurt,West Samanthafort,23-09-2022,08:11:34,17:05:42,10.89,125.86,No,6dd5e94f-f072-4530-ae8a-589a3d5a32f1,9c12111f-fa5e-4109-acd7-05e31064f770,5,Credit Card,Completed
15f955bb-e46a-4e3a-93a8-bcbb624aba81,West Diana,Port Dorothytown,26-06-2024,08:57:02,14:55:16,40.2,41.62,No,c2281926-57d7-42bf-b142-f5897fce039e,0d8639f4-a05e-4496-ab93-0280b3966734,1,Cash,Completed
203867b8-d3df-43be-8d24-8da9dee1719d,Adamsbury,New Nicholasmouth,22-03-2022,23:15:33,10:51:54,41.29,54.99,No,f9ad1c9b-ea0f-455b-b9dc-0953e0301f10,13819ea4-2419-486c-a16f-5db6ea5a9e46,1,Cash,Completed
69b117b1-7888-4cd1-97dd-d058059059d9,North Rachelshire,New Lisachester,05-03-2021,15:22:13,02:11:24,38.66,52.25,Yes,3a48ae91-6d83-4cd2-947d-a025933e6c8f,bc9716e0-30fa-4f8f-8e03-5fa6e822481e,3,Credit Card,Canceled
61cf85f8-9697-483f-98d2-20f45d21906a,Lake Ricky,West Pamelatown,02-02-2023,14:39:09,05:43:17,25.73,47.08,No,00a9aa8b-6db1-4464-b8ba-a86b0fccc2cb,e7e1e6cb-5414-444c-8ec8-f84956921db4,4,Cash,Canceled
1da13f87-7424-4e2d-8cd8-526b19f2d052,East Devin,Robinsonfort,26-05-2024,08:48:37,08:07:27,4.72,82.44,Yes,f9b1ae7e-aebf-4acb-8f5b-ca109800bc0c,3885f4d8-8cfb-4773-bb38-4d23c9bc063c,3,PayPal,Canceled
bf617d2d-0a33-4ac7-9d0d-aacde1ad4865,North Cynthiahaven,Atkinston,13-05-2023,04:57:46,04:12:08,48.17,33.06,Yes,b5933f79-1c35-43ef-93cf-67d41e8e900b,1c35974f-d4be-4b1c-b0de-4667d9a6f39c,5,PayPal,Completed
a59596e1-fb50-4e8b-9da8-a5f69a20d268,Port Davidmouth,East Cathy,19-06-2023,12:38:48,18:34:29,41.79,147.51,No,9ed50df3-f2ca-4bf0-b7e8-cddff9cb0f2d,8232d480-7e7b-4d05-9032-184eb3d7bb62,4,Credit Card,Canceled
4b7fe062-df7a-428c-a732-2f3aee67c254,Watsonview,Adamsstad,27-09-2023,06:10:57,04:41:10,35.36,62.06,No,d4b493e5-0006-43cc-86ae-315aee944b0e,28df42ae-240b-4f55-ad3c-b405d6c97cd3,3,Credit Card,Completed
854c8f40-62c6-48c4-b221-59abb50b958c,Stephenshire,Monicamouth,29-11-2020,14:25:06,09:16:01,25.47,46.96,Yes,8ed67b8d-211c-4a7a-b299-2f216c16e63a,1555a5bf-9078-47f6-850a-91a31d9b504a,3,Credit Card,Completed
caff54aa-3bce-4251-b022-1ad00fdb7553,Lake Stevenburgh,West Michelle,02-07-2021,02:00:08,05:55:16,4.36,89.79,Yes,b946376d-e079-4445-a089-9fd545a5f564,9b77752b-f40d-4efe-9020-a272dda9dd8b,4,Credit Card,Completed
49d91c5c-8e18-4986-b778-2a1f84f266af,Port Michael,Shepardborough,04-12-2022,18:51:31,13:50:28,34.62,188.4,Yes,c000dc04-40eb-4b54-940a-e89a77973ea0,3efb55dd-ef13-41d8-99d1-60842ce6c1c9,4,Credit Card,Canceled
54c99c47-a260-427b-858b-7a9396837ef4,North Abigailhaven,Lucerofort,08-12-2022,19:28:33,07:06:50,26.31,109.93,No,28606f28-e089-4a4d-a5e5-b3d2e419a7ca,331dda2e-d5e0-4889-9345-ccdd2ad54905,3,Credit Card,Completed
bf9d40b2-7c6e-4e00-a0e9-6812ac587d88,Spearsside,Bryanstad,22-09-2023,06:01:25,20:26:52,48.24,90.13,No,df2f0feb-d89f-41f9-9a1a-3286daabad12,03749372-959b-4ccd-89fe-714e3ce2aaed,4,Credit Card,Completed
1324ec76-63c5-4b4c-880b-302f1e63040f,South Brandy,Melissahaven,06-01-2021,02:32:02,10:50:06,30.65,6.89,Yes,177a6978-39d2-455a-a6e8-b485f2fbefe7,b75080c6-3cd0-47e6-afe1-578472a4a041,1,Cash,Completed
08927afe-8df2-47fb-a961-155452a6f897,Smithport,Wendyborough,18-07-2022,23:08:15,11:00:57,32.99,55.55,No,ebfcf789-dc65-468b-9818-158339c998c0,3b9b1575-62d9-4cbe-998d-707dde2d9b0b,4,Credit Card,Canceled
d57343c9-4475-4453-91cc-50880242c407,Lake Jordanport,Boydport,16-02-2024,08:51:25,01:24:38,4.42,115.46,No,f1362eb2-2350-4082-bf7a-193fc6d0cb2f,b0842a0b-18cc-4e14-ac11-5c8a96d7555b,5,PayPal,Completed
891a55b8-8343-4970-a3d9-2024674100ef,Lake Markview,Heatherfort,30-12-2022,01:13:04,14:02:43,37.23,79.92,No,bfeddcc3-4faf-4b6e-aac4-84669e2d0693,baf46af7-2188-4797-b1ef-a30ecb45a371,2,Credit Card,Canceled
5d5f2000-9ca7-4872-a7ee-4a9b0dcf058f,Austinport,Carlyshire,04-03-2020,03:05:51,12:37:59,30.24,37.08,No,ef9e57ff-37d0-4406-aa12-12fb324faaac,5a5f1f89-366d-431c-93d3-637c258871ef,5,Cash,Completed
e1c81c3f-cf15-4ad3-911b-ebc098cdc1e1,Leahstad,Thompsonfurt,02-10-2021,04:56:33,07:18:26,1.85,46.33,No,fbde7b9d-0f74-46e2-95f1-2bec3f5eb630,062f82a5-a734-4ce8-b524-513a17d0f18d,4,PayPal,Canceled
f4d47a03-6587-4077-8456-ca1844d6746c,South Sara,Markside,27-03-2022,21:32:50,03:52:10,13.83,7.42,Yes,ea6fe70b-d9f7-4bc3-b53a-eb6bacf0d72f,161304dc-d919-4ce7-8822-84da1d9e4801,3,Cash,Completed
eef0b463-0703-4484-8ce4-7b81be3ba9ff,Morenochester,Jeannemouth,22-11-2021,14:58:07,00:58:56,25.41,104.01,Yes,ceb9a8b6-d96f-4e1d-a22a-9508fbe8c2b4,9caa93da-6394-4e1a-8162-96076640e92e,5,PayPal,Canceled
398124b7-4b18-4dd0-b447-8f54dfaefcf4,Kellyview,New Lauramouth,01-06-2020,08:12:14,05:12:51,30.22,100.35,No,213eda4e-9735-466d-b00c-98748fb2af6a,578c07db-3d4f-48fb-ba51-30159eda6c71,5,Credit Card,Completed
6b99ba21-d77a-4048-9408-a85103e153db,Port Jacquelineview,Mckayburgh,19-02-2021,20:49:52,03:33:58,88.94,97.27,No,1c09cd5a-0c8a-4847-a0a0-6132c5626db2,4687ce23-f27a-470c-98ca-d7c8ccaeeec9,3,Cash,Completed
931f82fd-c641-4beb-8b9e-1cf8a9aa39b1,Emilyton,Rochaside,21-02-2024,08:25:26,16:16:00,28.07,174.93,No,af9fa1f3-1977-4cc9-9bcf-991a2da09c39,70f50509-8330-49b4-884a-364a9ebd0f5f,4,Credit Card,Canceled
9ecce8bf-9d03-44b5-b971-6f1e45f3cdb4,East Thomasberg,Christinafurt,10-04-2021,11:47:58,11:38:31,48.58,105.43,No,6fa917a4-6d3f-4361-8d8e-866b07f4b047,6753c2b3-316a-4b53-8e10-27e583ca74d8,4,Credit Card,Canceled
2287201c-fb02-4110-ab4e-bd86c9d794ed,Powelltown,South Danielview,30-05-2024,08:30:30,22:53:16,34.6,102.18,Yes,1075f55e-06cc-42e7-9996-5af085f1682e,8337f04e-a91f-4dec-90d8-6dc1939e41ce,4,Cash,Completed
a705b467-1d23-4a0c-a0db-52d05307941f,Ryantown,North Peter,25-08-2022,10:30:01,15:09:15,25.34,174.32,No,736c5fe3-3bdc-4797-acb5-ee50ce405643,2d90c99a-e362-4e92-b516-ce2bea3a6702,5,Credit Card,Canceled
75c11af4-e6e2-42d1-8f2c-d09c8ce7d0d6,Jasminehaven,Christopherstad,06-03-2024,07:56:31,09:25:34,35.32,184.69,No,899514eb-add5-469d-b08a-f2cd7e3f3e87,39d0b282-8a0a-428f-a954-49599646b097,5,Cash,Canceled
59581351-ca34-4663-be75-88738597e55a,New Johnside,South Bryan,17-10-2020,04:16:32,02:11:20,9.83,124.05,Yes,fa293042-0b6f-487d-a60b-40d2035f83b7,a0a739a7-e113-4a91-9ef4-d3ec521277e3,3,Credit Card,Completed
95b7b128-c5c6-4154-9b3f-83dfe421afd5,West Raymondton,Port Kennethfort,19-10-2020,14:27:28,05:59:02,13.46,100.47,Yes,303729cb-2b4c-4bfd-8554-6fa284c6b7c5,a0e97ad1-eb87-4974-bb5c-886a4a527b8d,2,PayPal,Completed
b9dd88b4-28d8-40ec-91a5-481a99b82485,Stevenburgh,Corystad,16-09-2020,07:05:16,07:38:14,43.33,189.04,Yes,ddefb8ef-e3bb-4c63-9203-fa00e106d34d,92622cd0-cd14-4169-a5f5-d49dd86264e0,3,Credit Card,Canceled
ffdbfa21-4479-4ada-89b3-1e4e16377fd3,Port Catherineville,South Madison,15-03-2022,08:32:48,17:28:59,28.72,7.8,Yes,feffe546-e9c5-41e3-97da-7ae366ca9387,f7994c3d-03f8-4e98-a208-b4cf144d581c,1,Cash,Canceled
ce55266b-d6ed-46bd-ae77-d40fb423dd2a,Sarastad,Lake Matthewshire,16-07-2024,12:59:14,22:16:21,39.17,137.56,No,ddf4ad82-74d1-4c1a-8925-f328ae787e8d,e77d48e6-9cad-45ea-b659-88f6c7f31392,3,PayPal,Canceled
ed17e4b5-799e-430e-9cd4-56adb63533f7,East Crystal,Lake Brandon,30-05-2021,10:21:30,01:36:53,32.86,67.76,Yes,164c92af-85d8-4a5f-b2ce-09b25ac20659,15657da4-1918-422a-bd5e-cd6d4ed70f58,5,Cash,Completed
646935bb-4566-4669-a1d7-18fe39d36576,Lake Charlesfort,Kellerborough,12-08-2020,19:43:40,00:25:57,35.47,40.54,Yes,aaf31cf2-b169-4455-806b-af58df903cb2,554e27e6-f3cb-4f97-a1db-f63ace3f7e0b,3,Credit Card,Canceled
679af9ba-fe98-476e-8418-4c45e07550b7,Lake Paul,Joshuaburgh,24-05-2022,12:31:27,19:32:37,30.21,149.43,Yes,2637e023-15bd-4080-834a-e3a633d4ec14,02742145-888e-4fc8-bdae-b7774ac8f39f,5,PayPal,Canceled
e1db9edc-f050-40d8-a32a-17c5c1ff63e7,South Julia,Martinmouth,12-10-2021,01:28:39,12:59:15,10.33,63.03,No,8c5c689b-f0d0-4c2d-be9c-c65f19c36d19,e240ce98-9883-4eba-8797-4140df2fe9d0,3,PayPal,Canceled
36954015-a2bf-4c6e-9199-43a6dbfbf0c8,Lake Nicolefurt,Crystalburgh,18-10-2023,13:33:55,08:03:27,25.15,9.51,Yes,5d491b0b-88fd-4a86-b058-6d82573666b3,adfc7871-ead0-47b9-addc-fdaa10626b68,5,PayPal,Canceled
e631cb0a-bfca-48de-a0ee-d1c216d34e6c,New Davidside,East Sierrachester,29-05-2022,06:12:57,15:54:56,27.6,36.55,Yes,61bf04bc-cdec-41ef-8904-d81729f38f00,f3f27c66-d956-4416-bb13-1e5dfcc2b729,4,Credit Card,Completed
61deb619-0298-4255-9448-8c35824eb120,Lunafurt,Sandraview,15-05-2021,01:46:11,12:15:56,9.62,129.02,Yes,a48a675e-4bbf-473a-ada1-cf8ed0be47eb,8d4ab156-55fe-47b6-b27f-806de5fa0e67,5,Cash,Canceled
846b8bbf-8709-4ba6-99a8-d9028c0432ca,Port Lauren,South Sarahview,01-09-2022,18:36:35,13:47:32,3.46,56.44,Yes,fd18ce9b-c682-4274-80ac-b9ce834fcbe5,11d0ff03-eb1e-4ce6-81a8-bba7be553a2a,1,Cash,Completed
a6bfb315-69b3-43fe-8454-8145806b2245,New Robert,North Andrew,20-05-2023,12:30:26,20:14:42,42.21,13.46,No,72c2514a-559f-4c46-bd81-acee6168c258,e66c5126-b9d5-491c-a497-eddd4d7e41f9,2,PayPal,Canceled
943219c6-e088-41b6-9b0a-8fc6a5ba61b2,Leeside,East Natashabury,05-09-2021,13:37:35,23:08:56,22.62,118.28,No,ef85f206-d8af-4cdd-8736-08254e69bd27,6906c39f-8b23-40b1-a348-5dc3fc349a6c,1,Credit Card,Canceled
e8d0d93a-8ea0-46c4-8167-ef0ea945d361,Mendezside,Sandrahaven,21-01-2020,09:12:40,12:33:03,1,68.12,Yes,00329227-533f-411e-8986-76d88f733ec7,28d470be-98d3-45a6-87ea-fc44510883d4,3,Credit Card,Completed
b4eec342-cf9d-42ff-b498-8da6f7245ed2,Christinefurt,Adamtown,05-07-2021,05:08:15,18:32:51,10.64,16.68,Yes,b3124315-762f-44a9-a2cb-18165b0f6510,fe149cf4-4530-4585-8ab7-28798841ac82,3,Credit Card,Canceled
c1942659-80d8-436b-94c6-d10b50e94e7c,Blackfurt,North Josephhaven,09-04-2021,21:18:56,02:22:14,17.44,124.37,Yes,a7612ad7-1105-44a7-b347-03fdf3ae2ede,0100b907-adcc-42ff-90f3-52d929908416,3,PayPal,Canceled
af45ddc4-5625-490b-b011-4ed8fdf34f31,Adamshire,Port Tanner,04-04-2020,21:42:02,01:57:15,8.82,72.45,Yes,1901c87b-a632-45dc-9a98-7ebfd25a0a6f,44726b67-6f4c-44a8-ab03-389e5794c32c,2,PayPal,Completed
e4f0b7e5-1dfc-4007-af53-a45bab24225d,Port Janet,West Williamtown,15-05-2020,13:32:04,22:57:43,21.3,6.59,No,86a954b7-db45-4f39-96ec-9f8bf08f9810,2d8b47ac-100e-4de9-a9ca-b8b7a8739a16,3,PayPal,Canceled
a6b4e731-e94a-4e94-89f2-6046c7b8fc1f,Amberburgh,North Molly,15-05-2021,06:26:59,03:13:29,48.21,59.72,No,d016e3c5-fb25-41d1-95a9-495c8a120429,1dc9faa9-8fa2-4d39-b68f-c38b2ccf1cb5,4,Credit Card,Canceled
bec57d13-013c-4807-9c41-f45dccb61bbd,Port Courtney,East Madison,01-02-2022,18:04:18,19:56:13,7.67,47.73,No,cab3c79a-6cb3-4256-b226-8a4f22f76581,cabc1f2f-aa3d-43b2-bdbb-9b2686fa745d,5,Credit Card,Canceled
d2c6cfba-7c14-4461-a999-7082999a4bc5,Jamieberg,Rebeccaberg,25-09-2024,16:45:07,09:02:55,17.71,15.94,Yes,2fa438f5-4e60-4493-b469-1b3febd0f915,31c651dc-7789-4f60-bd7b-de8d5f320165,4,Cash,Canceled
6ec6d42d-dbf0-47c2-a06f-195488c551a8,Timothyview,Hornberg,01-01-2021,20:07:27,08:00:05,49.69,118.09,No,c514a128-9af6-41f7-b685-177b6d9886b3,e522e844-1b23-4cd6-ad5b-f7b018000c68,3,Cash,Completed
640b0a86-dce2-4253-bf46-f3f0b48adafe,Port Manuelhaven,West Sarah,11-06-2024,19:50:43,13:06:48,20.55,104.23,Yes,e6fcfb13-fd36-4f32-a2b1-de3b3bf67f19,909c203c-cb50-4957-998d-2fcc4d630b65,1,Cash,Canceled
6a339f39-13a4-49e2-918a-2314bd9bc2f4,North Patrick,Ruizbury,11-04-2021,03:20:26,05:08:34,4.36,181.44,No,9d39d025-4289-4d48-b041-c5cc8332baa0,b1b0201a-7df2-4441-b505-54dd8b605400,2,Cash,Canceled
e285dab7-dcfc-4e78-bf95-87254d43e240,Robertfort,Jessicabury,11-11-2020,07:13:45,17:34:02,15.64,17.83,No,3cb357dc-b69c-4af6-9e37-a7d67e841362,4925ebd7-f52c-471e-9de1-8de0515c2219,4,Cash,Completed
98230405-d5c1-4dd3-b32c-e3a1c8f512a2,Vaughanville,New Jackview,10-08-2021,21:48:54,21:07:24,8.82,36.18,No,cc936b49-5fb9-4dd7-9030-027f68e8ad67,3062158d-8a2a-4eed-b799-5c9c5bd44206,1,PayPal,Canceled
1613cb6c-74c9-45e3-93d4-be42f9e26de9,Lake Marieland,Weberberg,20-07-2022,10:42:35,22:09:40,28.86,17.35,No,d1745aef-4284-4750-9839-77ef21da8eb0,71d635e1-33a3-4a8a-bfd9-69270fee077f,1,Cash,Canceled
aa00e8fd-2c62-4769-b4ba-26a72b570688,North Kennethmouth,South Ashley,14-02-2020,10:26:23,19:45:00,7.76,154.77,No,e2e2665b-a704-403b-bc6a-2da01ce9a0a9,a85dd609-30db-4782-9a11-8afe97feb9f5,3,Cash,Completed
027f4b70-6bcc-4966-96fb-9f214db110ef,Robbinsport,New Abigailhaven,07-08-2021,01:13:28,13:28:27,11.87,177.01,Yes,81a94af3-c824-4299-8b69-96cd9f80f0d8,db65d903-f957-42df-9266-e67034aaf32f,5,Cash,Completed
9d1ad4e0-4596-4dea-82c9-d2d90d07eb1f,Irwinbury,West Cherylshire,16-01-2023,07:25:59,10:23:10,16.8,164.03,No,a9bfd69e-72bb-496e-9c48-acd38a4e6b1b,7e1e948f-dacb-4f58-a9aa-31424981263c,2,PayPal,Canceled
efd5f31a-b145-4168-b9da-9e496ec019f5,Valdezmouth,Jordanhaven,11-06-2020,06:55:40,20:53:37,1.76,73.81,Yes,bd6318ad-899d-4bc2-b3c5-c9b0ac7d5e92,0c87ae0a-95d4-4175-b97c-372a110d24b6,4,PayPal,Canceled
954166b5-398f-4ab4-9c85-c8256611cb22,Marktown,East Anthony,02-03-2022,11:03:32,06:50:04,35.97,150.6,No,54644972-b364-42e2-a4d1-ff46750c0d9a,7511dbbf-abee-40a2-ad06-63ea4c1a5bc6,1,PayPal,Canceled
37127bb3-14bb-4ebb-9d80-271576204da1,Lake Joshua,Gonzalezville,24-08-2020,00:01:18,06:00:43,2.67,108.3,No,748d281b-b073-4a83-80ee-a86f49ecd8fd,67480c84-ee73-43dd-b310-484a2dd983b0,1,PayPal,Completed
5d13957f-fee4-4d57-abfd-23e9e55e8248,Natalieport,Lucerohaven,06-07-2021,09:44:38,09:20:41,18.08,190.59,Yes,27ea56c1-3da2-4964-973f-a39e99e0098e,5be48bf5-883b-4aba-a6f8-0cbab595e05c,5,Cash,Completed
d536d425-e659-4dec-8186-d863d11dc356,South Ryanshire,East Victoria,21-10-2022,13:58:12,17:07:26,49.02,13.59,Yes,3909e77e-842c-47f8-a3db-03f71b440533,d3c63dab-1ad8-464c-af50-c4e20bf9e421,2,Cash,Canceled
436ff13e-61cc-43a0-8318-aeafd38317f0,Danieltown,South Luis,23-07-2020,03:56:26,02:59:55,21.55,133.33,Yes,36abdc14-0d34-4ecc-b3a1-5abf46ed988e,a94e763d-e78a-4825-aeab-defec1f06297,4,Credit Card,Completed
b09e560e-565a-4a4a-89ed-f407b839f374,Reevesburgh,Tateburgh,25-10-2023,20:48:19,10:44:02,11.33,64.21,Yes,69c08246-b4b0-4ef9-9f94-6255e4d2fbc3,2da18106-1b30-47e2-881e-b645b5e15dde,1,Cash,Canceled
06bff327-4305-4861-b4db-a0775bb054c9,Lake Stephanie,Lake Andrewchester,11-09-2021,07:28:53,06:11:33,41.27,61.73,Yes,a970f869-ff93-4af4-bb11-9787bdca040f,d78b349d-62e9-4c2a-b834-7a80e9bbe2dc,4,PayPal,Canceled
c1201927-1ef3-4e18-9fc1-cc3bd4e0e36d,East Spencermouth,Scottfurt,08-05-2020,11:07:01,07:43:38,5.59,78.53,Yes,09150f58-a9b2-432f-8376-e481b59c383b,28513127-7adf-4bc7-b671-c1bff14b4223,4,PayPal,Canceled
74384f82-4163-4c72-8be1-350a09f27421,North Williamfort,Abbottmouth,28-09-2022,17:12:50,06:39:06,27.74,156.34,No,901dd024-c3b7-44d0-b382-e4c895bbbc3f,b6db25c3-3d73-4985-9927-4f69ed0ad956,5,Credit Card,Canceled
52f6c941-979e-46a7-9ad5-f7d90c9cbbd6,North Brandontown,New Whitneyfort,02-10-2021,00:28:43,08:24:59,17.27,39.79,No,eaf20989-fa5e-49ae-b8d5-74fed5abb886,ddc16742-5d9f-4525-b10d-f8860b986602,2,Cash,Canceled
00a3d56b-518c-4802-a6a8-204df373b628,Erikchester,Youngside,09-02-2021,05:25:00,13:07:59,23.13,115.62,No,b872f0d8-126a-466b-9b28-f0d4d79b9399,216df3c2-978f-447f-adf7-16d29b40adbf,1,Cash,Completed
0b007f1a-d983-4ab9-9817-f57fc305fa92,South Andre,Pooleport,28-07-2024,04:40:00,09:48:24,42.22,117.97,No,8afbbe89-49c8-4d75-8391-8261754bac9f,2e7c9939-048d-4bbc-aecd-24228eb1d943,4,Cash,Completed
865f7649-aae7-4217-bb60-f8e274c23082,Kimhaven,Port Justintown,29-07-2024,13:47:02,09:26:05,40.16,115.53,Yes,9399a417-e199-4622-9fc6-1f80dd263c5d,559eba02-c37d-46f3-9ae7-17e53a10f3d4,3,Cash,Completed
123d0981-cb8d-467f-a83a-626b0764cf0b,West Jamesland,North Jennifer,26-06-2024,00:10:25,08:23:03,5.18,163.62,Yes,09ef639b-fe15-4387-ae03-ffd3f6ed0673,15131f10-65b5-42ee-a122-204a991feb7c,5,Cash,Completed
1a41c07c-4792-4489-9a23-25b62a16c116,Hunthaven,Maryborough,28-02-2024,08:06:38,12:51:34,34.06,58.79,Yes,23ca0bdc-4ac1-41d5-b463-414ac01f5471,a96c0d5c-4e31-4b78-a61f-fe1479ffcad2,4,PayPal,Completed
159b3ac3-0a28-4dcd-8a6a-e487c6c478b9,Derrickshire,South Jamie,28-06-2021,01:17:18,00:36:51,22.71,134.63,Yes,772e6fff-af8c-43c8-bea4-f31957017e38,198f976c-7496-4433-838a-02fabd3d6ea4,2,Cash,Completed
62bd3768-c734-4cbf-a106-9e2754ed2df4,Smithfort,Bondtown,15-07-2020,01:35:44,21:57:37,40.78,147.36,No,1d8af94e-f0ad-4ca1-bae7-c1911096f406,5658b6f8-7147-4c61-a310-aee81e8bea6e,1,PayPal,Canceled
6c62b5e1-7f5e-4b91-a3a7-255b0d934131,Singletontown,Hendersonmouth,04-11-2020,15:46:32,21:42:25,29.25,194.78,No,0afc2b31-7ee4-4299-9b6f-2a79aa49dae3,f0ddf3f1-6e12-403c-88c0-048100905bbf,4,Credit Card,Canceled
bbb0cd9a-d942-4590-8c0f-ab8f3514b328,New Johnport,North Kimberly,16-04-2022,23:43:20,13:53:32,39.66,128.8,Yes,11e36df2-3166-4054-a385-1cdb4f4b5db8,a953432e-f32b-433f-b402-0546403b0222,3,Credit Card,Completed
4571a415-b289-4d08-8075-f10ec88fcd04,Timothyside,Elizabethhaven,20-07-2023,07:27:17,00:34:07,49.5,40.92,Yes,f135e169-8344-4819-bd60-054b2f3edec8,4b04d11d-e205-4f5a-8030-cefcceb60b63,5,PayPal,Canceled
fe7bacd4-ae2b-4667-8dea-cc7520b3c53a,Liside,Copelandview,22-06-2024,11:04:11,04:53:36,17.25,68.42,No,c65d4e57-c441-4b8e-8d14-cbcc07a97ddd,b1d2b82c-e147-4a1f-923b-56f5e36bfb53,4,PayPal,Completed
117564f6-b6e5-4523-b9c4-c6beb3a716b8,New Ryanstad,South Justin,01-11-2022,13:47:23,14:17:25,25.31,31.04,No,ee0693dd-954b-43c8-889f-32c2ee65ffc5,e9d5f20f-32ca-48b6-9c79-3c593d3eab9d,3,Credit Card,Canceled
39956f02-6291-4bd9-a3a1-80915219aac3,East Francis,Kevinmouth,01-07-2021,10:48:26,07:15:07,20.24,94.43,No,bc777b72-c8d1-4950-8da4-291ba77f8e81,84265fdc-776d-4eb2-8530-d42e3809d5b1,2,Cash,Completed
139f4d06-92ef-44a5-b731-fb888a5252d9,North Johnberg,New Andrewburgh,20-02-2020,20:35:25,04:28:57,33.81,124.42,No,3fcbb8a2-bd33-4117-bd6c-b4a58e1b7eb4,ea5bbc5f-45c6-4e61-b5e5-278e64e44521,4,PayPal,Completed
35b3fcb0-347d-4ba8-babe-8bceac7c3f0c,Kyletown,Thomasshire,24-05-2021,22:59:30,10:19:09,30.64,50.18,No,f56fb336-72ce-42eb-a7ff-82b66a943afd,34d66c23-a9a2-4756-9f9e-5c2b3f42e555,4,Credit Card,Canceled
584ea708-4380-4bb6-bcea-e8f36f8ca219,Michelestad,Johnchester,28-12-2023,02:53:12,00:38:14,36.92,177.98,Yes,0a141c05-c092-4a90-b6dc-0c0c774602d5,bc54fd3a-7f37-42d0-92a5-b4576fc1ff07,1,Cash,Canceled
1239f850-a178-46ad-93f7-328c6fb7f18c,Rodgersmouth,Kellystad,30-06-2020,09:52:35,05:05:34,2.51,161.07,Yes,6a3d4ed3-80b1-4f9b-b509-db56896f0456,595dbd01-3ad8-4df0-82e1-1ec6d27b04dc,5,Credit Card,Canceled
130c14fc-8aaf-4a82-9ded-36aff80943e9,Daviston,Bryanthaven,07-03-2022,02:30:03,16:54:57,44.69,100.45,No,01e814bc-e0dd-43c7-a58a-1e43c6aaef9a,d8bc1196-aee6-4630-92a5-5df126357538,2,Credit Card,Completed
4a270126-9dc4-4f7c-a66d-2cf33b066ece,West Anthonyberg,Annhaven,05-12-2020,06:59:17,09:53:59,21.4,182.85,Yes,48483ace-02d4-4a88-b7c6-ff96ae7eaf62,382b790d-c434-48ed-94bd-e0048717c948,2,Cash,Completed
06786440-1e83-469c-83fa-fcf6e0178d9d,Port Jenniferville,Port Lisa,26-10-2021,03:26:06,04:07:20,48.64,20.06,Yes,e72688cb-1bde-4b70-9ba6-dbbcab3ddc74,537fb488-138c-414e-8589-6e0929b0200a,2,Cash,Completed
58a1ba73-b7fc-401f-a646-3a9d29cd1660,Port Paulmouth,Hilltown,11-10-2023,10:54:16,12:14:15,39.4,65.72,No,1212dcc8-f438-4035-aeba-1fe14c7b7f9f,c39af23d-0a8c-4048-b6ba-94f4063ef99e,3,Credit Card,Completed
183189bc-021b-4314-bf0a-532675f86dec,Evansfort,Rachelview,22-09-2021,17:12:41,16:37:45,18.14,41.9,Yes,eff19f7c-fd88-45b3-8055-968409d413a4,f56cff50-7389-49dd-a30c-26dc70ba913e,2,Cash,Completed
6d9594ed-00f6-421b-bdf5-bfee070d254a,Norrisville,Lake Ronald,25-07-2024,15:50:28,10:22:02,16.82,89.57,No,4841563a-9285-4eec-8335-ba24d723a806,0446829c-5222-40d1-9c94-7a876119bb4e,1,Cash,Completed
4c022c37-2326-490a-8827-ca96c17a80bf,North Jocelynstad,Port Heather,18-01-2021,03:07:36,09:11:46,44.43,73.27,No,00d0476e-c3b0-4af9-a0e8-172a83324b4a,ced974c1-391a-4f96-8766-8e8bc7e94234,3,Credit Card,Completed
24d8ff40-056e-4261-8053-d7f0da6ffd8c,South Barbara,Wadeburgh,31-05-2022,14:03:04,13:12:18,41.78,126.25,No,438a437d-cc03-4b98-a96c-6cab26317acb,ccb6642e-b5da-4307-bf78-ed4ebf6f57ce,5,PayPal,Canceled
c845d874-a1ec-49c0-b6bc-414a815811fc,New Zacharyberg,Wesleyport,05-06-2024,17:12:57,14:59:31,21.9,197.12,Yes,c4aa7b29-45fe-4b59-b044-617b083bc60d,c79d5913-df59-40a6-90f9-dde360c48963,1,Cash,Canceled
8368638b-c1c1-49a0-972c-7e000fe4fa30,Arthurland,Davisfurt,22-05-2021,17:35:55,19:20:37,30.64,119.46,No,c27301bb-9408-444d-92d0-fee07c1d7952,115f0203-788a-4259-afd9-6ef8dc3294d7,5,Cash,Canceled
dcdfb720-0b83-4065-8770-66af118882a8,Charlesberg,South Trevor,04-04-2020,17:58:16,06:09:16,38.17,73.53,Yes,6952a98b-fa89-4314-abe1-43c37c40528e,c15c4958-48ed-411b-991e-dae9ce4dbd7a,4,PayPal,Canceled
f0febf7c-de10-46ac-893d-c7c6735af89d,North Emilyview,Lake Roy,12-10-2023,02:12:57,12:34:21,14.72,57.99,Yes,1c854626-9f48-484b-87c7-5da8f8f38e03,fc8a16d2-7ff7-456f-bb6d-f2906b6f8a2d,3,Credit Card,Canceled
ccd657ff-f50a-4e08-92ae-10abe38d04ca,Tanyaview,Reyesborough,03-03-2022,22:39:23,12:18:42,23.85,69.22,No,f32f083c-9912-4f8f-bf5f-bd1b55d56a9d,a1b54021-5ee1-4840-9326-127b7a59d053,1,Credit Card,Completed
746866aa-62b8-4990-bb4f-564894842b58,South Williamstad,West Michellemouth,21-03-2024,18:10:10,06:21:36,34.7,135.41,Yes,8b0bbb35-6468-4158-9a95-f06514298890,14891ea0-3571-4caf-8b4d-ae189c2deb15,2,PayPal,Canceled
9c95f79b-3843-4ec8-8db1-eef9083e158d,Frankhaven,Hawkinsborough,24-01-2024,12:08:17,12:46:33,16.36,65.99,No,f5a1dba2-13bc-4a79-8abd-2c46ab47d0da,f77ca4da-6f42-4028-aa60-78d4fbc4b827,2,Cash,Canceled
1edb0ccf-126f-4dc2-87d2-82cd171c8d4f,Hartmanberg,Michaelmouth,12-08-2022,11:51:43,20:33:53,15.16,30.36,Yes,0bae533c-aeac-459b-9d8d-f22d4abd3943,bb7d2ad0-ac7d-4397-881c-8fd540c1b087,4,PayPal,Completed
1770ccb3-801d-4181-9753-9a3369be3832,Lake Ryanfort,East Elizabeth,01-12-2020,11:29:14,12:26:49,9.91,145.94,Yes,2ce5ba85-b29b-431f-8738-eb1207d3b396,42e0a570-b7fc-4ad5-82ef-54f0daafe947,5,PayPal,Canceled
13befa14-1fe9-42b8-9106-35748a82e0b8,North Chris,Port David,03-01-2020,06:27:33,13:30:02,23.16,183.29,No,6968dc33-e988-434f-acbe-9820a2fb69f0,fff0217b-f57e-437a-bf09-7606015bfec1,1,Credit Card,Completed
cb5111c2-a3cb-4f67-bf6f-1d8b6fefa21c,Brittanyland,West Taylor,23-03-2021,20:37:06,21:09:35,49.43,192.51,Yes,243bece2-8533-4c62-bdff-3b9bba639d7b,69567937-1c6a-41fa-b1fe-e8105c5ece6d,1,Cash,Completed
fe4e9e6d-3cdd-40c8-8c76-b4b9212af11f,North Alanview,Clarkberg,20-05-2023,13:05:20,02:11:50,48.28,142.37,No,6fc74e37-e6c7-4644-9a19-ba4da5b09516,05be1526-b300-4482-b4a2-6b120e5a0749,2,Cash,Canceled
96dd543a-80c5-4b78-9353-9742a5b037f5,South Peter,New Roberttown,19-09-2023,18:39:44,01:48:18,31.23,47.26,Yes,1b67be04-082f-4e69-8d5c-fdfce22f2c55,cebf7b75-239e-4eef-a438-34f517606e35,5,PayPal,Canceled
d3572424-91db-4eae-a26c-4af57e168367,Port Suzanneland,South Kaitlyn,15-03-2021,20:47:18,02:09:08,27.18,46.44,Yes,9c0ec444-19bf-4ece-9d92-9baffa76c9de,d1af18a2-404f-46dc-83ca-19dabcf7f931,1,PayPal,Completed
8489fbaa-79d3-40ab-84b5-03f4b0f7994b,South Katherinebury,South Rachel,12-10-2020,08:13:25,00:16:50,20.79,166.09,Yes,ef45f9f1-2b36-4820-91bc-a1e7769084ad,5a94ffcc-ba7d-4dac-8903-9e7f43ff4248,4,Credit Card,Canceled
26ff9101-5152-4d4a-9ef6-0008d380b66c,Jerryborough,Duncanborough,14-12-2021,17:53:31,08:35:06,45.51,29.35,No,e0f06163-527a-48e9-9b71-eeb4537dc89a,aaae7868-bc40-4d0a-91f2-815e26caea96,1,Credit Card,Canceled
b8a8f178-4a92-433a-a34a-bd43f4bfdefd,Reedchester,Coreytown,14-10-2020,23:31:19,09:20:14,19.59,188.95,Yes,f4440c9c-92ac-4ba0-8174-ad29652c1021,4b31af2b-8793-4e65-a05b-2f98e44efd7f,5,PayPal,Canceled
7cbb95ad-8d35-41c8-85d1-5a2360bd77cf,Murphyburgh,Martinview,18-10-2023,23:17:55,04:17:27,40.39,91.08,Yes,dd9a53dc-77e1-45cc-9b40-f448e2ecd59f,3980e72e-09b9-403a-99cf-5739bc52e5a9,1,PayPal,Canceled
c61a861e-7126-415c-9e92-3ac4ddc96440,Brianberg,New Mary,23-09-2023,18:44:10,14:31:35,47.39,96.91,No,f900b836-37ee-40fe-b404-212b2bd52162,8dd75d49-975c-41da-a7af-a411e53f264e,2,Cash,Canceled
44f6f93f-3ed5-4f82-a0df-cfc3bd0022ac,East Andrew,Rileyburgh,28-01-2021,14:22:39,12:27:17,35.43,16.72,Yes,0ee61de5-34f3-4cc7-bdfb-098c40a99124,59d34ea0-3948-4299-ba6d-decfbbff3371,4,Cash,Completed
1afaa959-1293-4f08-92f1-d06f7e78e226,North Jonathanton,North Sharonfurt,24-10-2022,23:56:00,06:44:03,4.79,74.71,No,554b794c-c27d-4391-b0f8-3720cc17dd46,9aa739a2-92a7-41e3-a044-1fc495a6c217,4,Cash,Completed
0f49d379-1308-4064-aaab-84963c714453,Jennifermouth,Port Aaron,08-03-2024,17:57:15,07:09:57,31.8,159.62,No,28586d6c-5b6e-4f52-9fe0-d273aeab28a3,565f5159-a090-4f80-aee7-d90188a8639b,5,Credit Card,Canceled
10131fa1-d44f-428a-a94d-a3bb36995542,Garciaside,East Kendra,20-09-2021,10:25:18,01:02:11,24.96,130.7,Yes,1429b585-c6f2-4807-9f85-287ffcb4d334,7e62aa40-6a64-4e23-a87a-96fd5664e1e8,3,Cash,Canceled
b9a3e8c9-e0b5-4605-8c60-da44160f17d7,North Jacob,Port Shawnashire,01-07-2023,02:38:11,00:29:14,30.9,101.43,Yes,a901c6cd-fa28-4cb9-a859-384e06c85be5,b87907ba-48bb-4f2a-b269-0a40b4eeffec,5,Cash,Canceled
9e9832b8-fa62-481e-bced-77989b3bc83a,West Jason,West Stacey,10-06-2023,11:16:31,22:55:38,3.81,93.86,Yes,d822c01c-1108-42e5-a609-f1fe441e6803,2c723314-fc02-4f2f-9699-84089c863232,4,PayPal,Completed
1df48372-6ac9-41ae-aa3b-87ac0afb1a48,North Paulhaven,Lake Amanda,29-06-2024,11:50:38,07:33:00,42.04,183.47,No,e45b380e-ecc5-4d0a-ae70-f68480121c37,f756ff06-1cca-411b-b759-cf85f1d75051,2,PayPal,Completed
6b2b956d-2e27-445b-b905-d47ee917390f,Lewisville,Amandaville,01-06-2024,19:13:30,19:20:46,45.8,180.4,No,57ce5fcf-47b1-498f-a174-f550b2606563,eb587165-5b6e-4577-b9bb-265821ab5e81,4,Credit Card,Completed
bbb32398-eca9-45b9-841f-7665a302e005,Johnsonview,Stanleyland,22-05-2020,22:09:19,05:23:17,7.81,103.44,Yes,419f1935-0fb0-4c2d-8a15-c22341420132,91154808-6ddc-4233-a7bf-9968aa3d91aa,2,Credit Card,Canceled
1a37cdc3-5f3a-4de5-9b0d-7896ceb640c0,Amyfort,West Joshuaton,30-03-2022,18:15:38,20:31:15,30.99,182.97,No,18a4fe8c-90ed-4404-b99a-74f02fd4983c,e90ec9dd-a655-4b76-bbbf-cb49c2ade469,3,PayPal,Canceled
e3eaf1d0-5052-4c6a-aa58-56f7c244ed55,Katherinechester,West Peter,06-06-2023,06:31:10,11:04:39,3.63,134.39,No,dd4c28d9-f2d1-4e95-a12c-f0e8adaecb4b,0f66cdbf-f46f-4a09-843e-6dea0e59a13b,5,Cash,Canceled
49d99f7f-d0a2-4ee3-bc28-c3d8152d0e70,Port Katherinehaven,Kristaview,05-11-2022,10:14:47,20:27:06,43.3,27.54,No,831a1b6a-49ac-4e83-9bab-edb6d98513a1,06954841-8d8c-4935-8987-c53418f2dd43,1,Credit Card,Canceled
83bf3fc8-08c8-4577-9aa2-317302c40ada,West Joshua,East Lisa,06-04-2022,20:35:10,22:55:55,29.05,145.5,No,ad869c8b-6a72-4556-8c40-6193a5f75ece,3902af82-27a3-4ef6-a299-2043a8c403a3,5,PayPal,Canceled
39e7ffd7-b7c2-4f6f-b4b7-3f4a7fa282fc,Phelpsbury,South Nathanton,17-06-2020,13:38:18,13:55:10,17.38,81.25,No,d6ddf0bc-8085-43b9-80c5-068fdaf0f301,11a29b7f-a1b1-4f9c-a4d6-5859533abb98,3,Cash,Canceled
9cb63a4c-0fa8-4fa0-b7de-fb5dba97d7ac,Lake Randyland,North Derekborough,14-10-2021,21:33:56,01:43:58,21.97,132.72,No,7242ed00-8354-4a3c-b6e4-34715796f535,5d54a62f-e88a-442d-bc5d-fefe24a624fc,4,PayPal,Completed
92aca28a-ac85-4f6d-86e0-f913366ea51c,Jackhaven,New Jamesmouth,21-10-2023,13:00:58,11:49:38,14.64,158.84,No,bc827808-96e1-4a5f-8067-55fc06e76d33,002516b6-1faa-4127-940a-e945c0689cb9,2,Cash,Completed
a2ba44b6-d5b7-4a4c-b6ec-cfa371961c38,Lake Angelachester,Perezstad,01-12-2022,13:55:34,16:45:40,17.65,46.01,Yes,7f5d15f6-7989-4225-aa0f-a5908fe7044d,4cf64ed1-9b94-4f33-8ea6-20dd25bc2210,4,Credit Card,Completed
35953713-6949-4606-ad1e-ba26f24b365c,New Luisberg,Matthewtown,31-07-2024,21:52:28,08:10:39,35.67,110.1,Yes,288dc969-f9ca-49f6-bba1-5d2535b5db0f,22772bb1-1711-4989-a1a1-087e7de64a2c,4,Cash,Canceled
db82f839-5c0e-41a3-91b2-65d41b183b76,Emilyland,North Allisonshire,11-11-2023,10:57:57,15:32:25,42.48,58.09,No,9ed4d9d8-6012-4e58-bc7f-eaabde872b33,430dc8bf-ccaa-4b57-8ade-e7bc0f0f7ef0,4,Credit Card,Completed
79bd5f64-c121-4dd1-8f6b-966f788110fb,South Marcus,Alexanderville,22-09-2021,06:47:50,11:32:37,6.86,171.98,Yes,d222eb50-8d48-4d13-be30-1728b01946e9,002be509-2e23-414c-bd59-c29af6e8ff9e,5,Cash,Completed
a2ed2866-c248-4b18-95af-893990693db8,New Anthony,New Tiffany,29-05-2022,00:23:26,12:50:26,10.76,147.37,Yes,e00d23d7-a98b-4bb9-ab21-074d1be00ccc,eb014be4-3d51-40f2-a295-d29c6a44e692,2,Cash,Completed
91c3816d-6b29-461c-a6d0-52650346dc41,South Thomas,East Timothy,17-12-2021,23:11:25,13:47:05,31.72,146.49,Yes,f34160c4-fc0f-4aa2-aaec-0154227b8499,7ac7ef19-09df-4926-87da-d49fd2cd8830,3,PayPal,Completed
d0ef610c-5cf2-4a28-a31a-283731fa8890,South Rebecca,West Donnachester,09-09-2021,10:38:33,12:52:27,3.6,120.83,Yes,83352aeb-12cf-4ad2-8eba-f6331a410ee7,671585e4-0643-4347-bcdb-767fffd95cc0,4,Credit Card,Completed
c9cef222-7bc6-454d-89b8-29dd014fd11e,East Russell,North Ellenview,05-12-2020,13:51:29,13:53:11,48.97,172.15,Yes,1acf8822-41ea-4fe7-98cf-a80897348a15,9c4d668d-83d6-486f-bf89-e6906a665d38,2,Credit Card,Canceled
0f908721-23da-4ef6-a2ab-beaebec663cd,West Jeffrey,Rodgersport,14-05-2020,20:48:35,08:38:26,21.75,79.55,Yes,a6555cdd-9207-412d-890d-592f24507360,6e3e5be3-f9b1-4830-99b5-b7159a2a5bfa,3,PayPal,Canceled
8ffd8c67-e859-4341-b623-5ba3d62a3730,Mcculloughview,Jeromefort,17-01-2020,17:11:08,19:16:04,33.26,82.08,Yes,28f6fb95-68ae-482a-92f6-9b81c96de290,14a6184a-3ee8-4cc2-bbd1-c43bba0c93ae,3,Credit Card,Completed
f2ed3b84-7cb0-4ea1-b46b-4d71572c8e38,Port Keithstad,Jasonbury,21-12-2023,10:39:53,21:30:14,87.18,144.56,No,16029db3-0306-4889-9568-134b92cf6b15,7874701e-6dbd-4323-9ee8-2d8d003576a8,3,Credit Card,Completed
76e86f2a-6c26-44c0-ba1d-57d6c346bda0,East Sherry,South Maryton,18-06-2021,15:12:08,18:32:20,1.9,85.62,Yes,2583e522-84c8-4bc4-9382-e81149603d99,c82e6e01-42c9-45d2-bb74-d81ec1409858,1,PayPal,Completed
36d7ab26-9fc2-40f5-92bd-8b70df866f42,North Brittneyside,East Amanda,26-10-2020,19:01:56,23:46:59,47.61,56.16,Yes,e3ffc9a7-b2d0-4e32-9ea4-6139846c6a20,e9c40d25-1e38-4bdf-9465-9f653465a46f,1,PayPal,Completed
8f4477be-e094-4c82-9309-5096f1e2f99a,Mariashire,New James,30-07-2020,16:59:55,04:21:16,7.48,30.56,Yes,070ce3c7-0b81-49d0-a6c0-673835ee4b37,1219ac37-1b4c-4966-a8cf-e8a793e92704,1,Cash,Completed
bcb3557a-c4dd-4331-b037-06bd40dfa84e,West Michaelport,Port Shawn,30-04-2020,12:07:06,16:55:25,36.25,170.24,No,8c994965-1fe6-4994-b510-f098c8cb4ee8,e9210016-8173-4a19-b748-3f8a82c9853e,3,Credit Card,Canceled
790417ed-4e60-4b6b-a9ba-8beca10cdb3a,East Chelseastad,Carlosmouth,18-01-2023,05:37:42,08:01:14,8.9,62.16,No,54799698-148a-47ee-a92e-c64000b0866e,24460e30-c03d-47cd-b392-c25a73d616b1,3,Cash,Canceled
044e5a61-90b9-41ed-b6ee-11e9b8fae4af,Stevenberg,Brownton,17-08-2021,07:33:17,14:05:41,42.72,21.18,No,74c7e27b-d7d7-4780-8d4b-4c6f833ff05f,c40ea9e6-2d76-49cd-9bf0-bd9e25964427,3,Credit Card,Canceled
1a9eba9e-a42c-4b8b-8cb8-03fcc794c7c0,East Misty,Lake Calebmouth,03-05-2024,11:38:05,00:23:29,35.99,43.92,No,36f6fe26-64ba-4d43-9cd9-9d24c9ee68fb,f77a6e21-3217-4d63-845c-a099646d959e,1,Credit Card,Canceled
447f2b7e-80ce-4416-8431-b07b3444f363,South Nicole,Port Calvin,16-06-2023,21:48:46,15:33:00,47.24,192.91,No,d8fd1800-394b-4242-a392-d46a8f064875,59e15426-e852-44e7-baa6-7f977b312f51,2,Cash,Canceled
165d83d0-b751-41d9-b801-0b691c55de71,Raychester,South Michael,27-05-2020,20:36:22,21:35:55,44.81,154.95,Yes,a12997db-e921-4499-87da-ec2df23d441f,65330f94-2d64-4184-8edc-8321ae89c042,3,Cash,Completed
1f2caafc-b11a-45d5-80bc-bd3bca29c4ee,Port Jeffreyberg,Kaylaside,01-06-2024,11:57:02,13:43:05,43.28,193.3,No,4307a611-79ae-4f47-b191-3879bb609c28,109a9b20-6318-474e-a603-492683488ad2,5,PayPal,Completed
3ef53ca2-ece0-4d7e-b7c0-b93f6799d1b9,New Benjaminhaven,Nguyenstad,27-08-2024,15:50:02,18:22:42,30.48,104.78,Yes,2017d6c8-4f9b-4976-ace4-e1484eae514e,49ed67df-caa8-49df-8c6e-3360172acb5c,4,PayPal,Canceled
40b97ce0-ed2a-4ef3-ab6d-728a4058d2ee,Popestad,Nelsonmouth,26-03-2024,08:46:18,15:58:06,24.46,19.56,Yes,843112f6-e33a-41ed-b47d-573a323deb5e,06d9ae13-a83b-49b7-b0d7-80801e7a33bf,3,Cash,Canceled
c6843a84-9311-42d2-a14e-23db19b5f1de,Danielborough,Lake Alexandraport,13-06-2024,02:59:09,16:02:30,35.35,150.63,No,1fa07c91-16e1-4fff-917c-75bcaab2297c,3f0531f3-6533-49a9-ae21-c39376f0f126,2,PayPal,Canceled
2d558afc-c7c2-49a5-9737-4436ff62f67c,South Frankside,Port Ashlee,02-01-2023,14:00:26,18:11:46,4.7,71.36,No,a874ba9d-608a-4c3a-a463-98d90f9beb0c,0869a035-6ee9-4051-9609-3d35d7746ec9,4,Cash,Canceled
da4afbd1-e25b-4d5f-bb44-b46a2a39f4c8,North Jeanetteland,Reevesstad,30-06-2023,04:48:35,07:10:19,10.22,53.62,No,f6546720-e7ae-46a5-8b92-46dcbe7e11e6,4b6a561c-7e6d-464e-a668-a48199c8805a,4,Credit Card,Canceled
af12e3f4-a5b1-4ba4-b041-2a76c87bc81a,East Bethton,East Jenniferborough,29-06-2020,21:57:38,02:00:56,48.83,57.53,No,130e3227-03e8-46bf-84e8-9f25812d2087,bba265b4-db15-40ed-8419-36357caaa768,1,PayPal,Completed
b24c0e0f-70ea-44d3-9673-86fb9d2e7462,Jensentown,Davidbury,28-03-2020,02:02:53,00:35:20,39.98,94.04,No,cc820e17-8d07-4f5d-aec1-72c45b144119,98e41589-64d3-4a6d-a349-473dbcc46176,1,PayPal,Canceled
0ddd3168-0a2d-4c11-bc56-76a0ae9cd530,North Susanberg,Smithmouth,08-11-2023,10:30:13,17:00:48,25.84,196.93,Yes,cb422fdd-f34c-4fb0-8377-8708cf1ba436,b78268c0-2bec-4626-a4be-556ab5d4edc2,4,PayPal,Canceled
9367e0b9-a37c-4131-9691-5f39c5f3bde6,Port Pamville,New Donaldmouth,17-06-2021,21:48:47,08:12:38,19.34,166.27,No,801eb8f0-b2c0-406b-a125-099ea5ab15b1,f4896de5-3fc3-4e3f-bbe6-0fb8c4dc0146,3,Credit Card,Completed
9f89ee01-c35f-433b-a3f1-75a0a1e9f640,Marybury,New Philipfurt,19-05-2020,17:50:40,02:54:44,17.34,165.41,Yes,153e54c5-dc3d-49ac-821a-c133ceec4d26,3daaccae-ecc5-4cbb-8592-2385e9dd97ba,1,PayPal,Completed
be8d400c-219f-451a-a7ba-b3d2c88152a4,Jenniferchester,Wallacestad,26-05-2021,02:19:52,09:17:40,10.34,50.52,Yes,0a87a01b-eec2-4a62-bdbc-ad29f7fab0f2,f0f9467a-f8fb-4058-8743-71147c417a8b,4,Credit Card,Canceled
3c719d7f-098b-4d03-b549-1095ec4bb827,New Brianna,Port Rachel,16-01-2020,21:48:34,23:04:01,21.83,188.18,No,1904e487-801b-4bfb-a844-d6e49099abce,7b3d4a02-56ed-4e74-9d28-cb1c1ad30594,1,Cash,Completed
5639454f-a597-4f5e-b046-7e4ff1e02371,Emmaside,Matthewmouth,20-06-2021,12:44:15,03:46:35,40.68,138.03,Yes,d762fa11-5ca7-47d0-ab02-784f5d6b2d91,5486b797-47ec-4111-920b-f33098808f21,3,Cash,Canceled
b894d8b0-c395-477a-bf14-c3462ac7f78a,Bradport,West Julie,14-10-2022,17:46:40,22:07:07,73.49,78.68,No,1c8de067-1099-46e8-b675-18fadd4831a5,6514d19c-e4a9-4d2d-8325-de03f40751a8,3,Credit Card,Canceled
45916d68-b2a7-45c8-a4bf-ee393a8ec718,Simonmouth,Nelsonborough,14-04-2022,14:09:29,06:21:58,16.61,152.62,No,31663b14-523b-4e22-83bd-df4fcc644114,96216d65-5cb1-4626-92d4-1796a520eee3,3,Credit Card,Completed
75b87687-60e5-42fb-a6c2-3c711459dc1b,West Lisatown,Adamtown,09-06-2024,05:18:01,00:15:14,17.24,26.04,No,5a4cefdd-799f-48cc-a6be-f356832c850e,db1fcdd5-b3c0-4024-a35c-71d88b0aec95,5,Cash,Canceled
beac0231-e898-4dde-888d-fc6ef9b2e9ea,Rayport,Courtneystad,20-07-2022,05:02:38,02:26:57,44.09,59.9,No,4878de87-e1c7-4abe-a68c-3f058487aef9,201f992e-2ed3-4859-875f-44c89d956de2,5,Credit Card,Completed
3abe066d-0eca-4ad5-bb0b-d1e6e7295900,Alyssafort,Merrittland,29-10-2022,01:48:27,10:05:38,34.8,51.85,No,c0efdfcb-ebe1-4f2a-adf1-db91b4a36f04,6bafcf36-32c5-4651-9e3a-fcd043e5eee9,3,Credit Card,Completed
f26b9e4d-a75e-4c35-bf51-0742930b5fe9,Lake Henryville,New Patrickchester,17-06-2022,09:58:19,10:32:42,19.44,54.49,Yes,11b60db2-b5cb-449a-97f6-2b70fd5a31b9,52446479-c846-4991-a9d9-f6fe26ddf47b,3,PayPal,Completed
ca87c5e0-a1e9-4d01-9da6-f79aea7236e8,Brownburgh,Valeriemouth,19-04-2022,20:36:43,08:57:43,18.65,171.89,Yes,f69aca50-4a05-4a5c-b0d4-27b87a5df6cd,ef0284ba-1192-4664-b943-5fd949cd03e6,4,PayPal,Completed
2ea86eba-fba1-4d1e-94ef-c7192c71c946,Taylorstad,Lake Danielborough,08-06-2024,06:45:58,14:01:37,34.09,143.27,No,c8b7ba2b-1081-4ba0-97bd-edcc9d930838,a30e684c-a136-469d-9f99-6f8aabd35c35,3,Credit Card,Canceled
6ffee824-e45b-4f7b-8969-08ed3fbfe915,Johnshire,Jamesburgh,27-05-2021,20:27:13,01:31:36,40.36,95.09,Yes,0c258c02-7052-43b8-982b-840fa52d5301,163601d7-7209-4871-9e15-70de7d6cd528,4,Cash,Completed
49c99c43-a67c-4147-9e9f-453fe06f9c24,Kirkport,New Rachel,15-07-2021,20:35:51,00:43:49,17.71,49.27,Yes,6b670364-9568-4c5f-b7c4-4998d22f8fc7,30a83076-53a4-41df-91a8-a7c4908a3717,3,Credit Card,Canceled
7f8d998f-e7b6-4761-a5cc-69147e592438,Lisaland,Wagnerhaven,05-04-2023,11:51:12,15:45:34,43.13,117.13,Yes,36dd906c-d72c-4efe-89fc-ec6129ff892d,1b22cfe1-0a5a-4de9-9c4a-9e2a51cc585d,2,Cash,Canceled
0775f8de-a529-4c14-a88a-32d8bf993c7f,Christinafurt,Fosterside,27-06-2020,21:37:43,11:00:01,17.28,19.55,Yes,d0392e3c-1a83-40a2-beff-42f41b693d7d,dd921e25-538d-4835-8b0c-968c29cf0cc9,4,Credit Card,Completed
087873c2-7150-4899-ac06-ed4c6fff8e75,Oconnorberg,North Christopherberg,14-04-2021,18:53:54,07:49:56,29.37,158.4,Yes,73cb0351-9696-4d7b-be17-249f3b4e115e,30875cce-150b-4d9e-9969-1ab0a4c902e2,2,Cash,Completed
13d3e2e2-930a-40fe-b2e1-10ee9a6e1179,Whitechester,West Linda,11-11-2022,20:09:12,10:26:11,5.28,175.32,No,5e6ec84f-35d3-4005-aa1d-41e474e47773,80e0f6ef-4ce6-4541-8733-be0917760a79,5,PayPal,Canceled
da753903-dc86-44d3-889d-c079722b5642,East Marymouth,Port Alicia,15-09-2021,17:19:41,11:35:34,5.14,149.61,Yes,f2248d09-4d34-4641-8d7f-771efc9b00f2,56be93bd-564c-496c-8e3f-28c913f00b03,4,Credit Card,Completed
ed26fbad-62b3-493c-91c8-668e936acb1b,Chavezton,Lake Valerie,17-05-2024,03:34:44,22:52:02,6.45,151.96,Yes,c93ae4e9-f822-4fc1-b783-3b5f1fbbd359,4285b52e-208c-462d-ac1a-dfef4be67ed4,4,Cash,Completed
82fd8193-4320-4022-91ee-d6544a2e0f70,Lake Josephland,East Lisafort,19-01-2022,22:40:08,03:07:49,42.14,168.57,No,d836e353-5dbc-4d09-88d5-72c8842f608e,5c3c397e-ab05-4a4e-94de-bc6e86f94db1,5,Credit Card,Completed
9d77b97d-9308-45b1-b7b0-98dd91a7083e,East Jeffreybury,Leeton,01-10-2020,04:43:51,15:11:23,10.5,149.14,No,802f268f-3347-4080-a476-b88b1ed5ecd8,f899a956-12dd-4fbd-a601-26e7f74756ee,2,Credit Card,Completed
0f02b305-8a4f-4a57-adf6-cefb7c592f76,Boydview,Patriciabury,03-10-2023,06:42:04,06:51:52,11.41,135.03,No,cf968144-9012-4dda-9fe2-2cfea1a82029,bac9b689-b456-458c-b43d-3e742ccbb2f9,4,Credit Card,Completed
87147671-c534-481b-a1f6-8cea6a278fb3,Whitemouth,East Daniel,14-04-2022,13:13:55,22:49:27,43.59,98.74,No,5e1cac75-e9b2-4a08-a3dc-218652811e70,903906f4-2044-49c4-996d-52c3b700190f,2,Credit Card,Completed
ba3faf9c-994e-423f-a440-a6fe5fba5e1f,Jenniferfurt,Randallville,29-03-2020,19:56:32,03:15:17,43.13,119.54,Yes,29ec8373-d036-404f-b8de-c320f7e1d89c,ab45468b-4c4a-413e-952d-db1b8ce8de0d,1,Credit Card,Canceled
01f987c3-b945-4696-a15f-5a196fb2e980,Robbinsville,Port Davidport,24-01-2024,23:12:04,14:48:06,47.49,160.25,Yes,63515cd0-cb30-4c25-870f-64ff49bfb5f0,2a90dcc6-5598-4db7-a56f-a1ab2ff8ee89,4,Credit Card,Completed
d7cc0d1b-e732-468d-a259-03ce80d1cca6,Lake Holly,Chelseabury,05-09-2023,17:56:45,23:15:15,38.59,12.06,No,be6c270c-b109-46df-bd46-923bfc42a6fa,9a6478ab-0b79-4a99-9a6a-6a11dbbe277f,1,PayPal,Canceled
63f293d8-0596-4636-9155-6b60376aa6df,Lake Susanside,Ericshire,11-04-2021,03:51:56,08:19:34,34.33,45.1,No,ea3b52b4-807d-4606-9c62-2564613f82ae,c3cb1815-4fff-4513-bf85-d10a8828e731,5,Credit Card,Canceled
f9a2df6d-88fc-41fa-a3a4-078ba034661d,New Christopherstad,Millermouth,17-12-2023,20:34:51,12:07:42,47.31,91.14,No,81729e10-e477-456b-8e9f-6aeeeca9caf0,a0850f07-d81f-4e20-ba6b-555a77dcabbd,3,Credit Card,Canceled
9eb82896-43cc-4173-86c5-ab6020b99b7b,New Tonya,South Stephenmouth,05-01-2020,11:24:09,00:45:13,47.06,128.08,Yes,10f461c9-8b55-49e6-b992-d33bf6a4f4f8,efc61fbd-6e1c-4740-a9f1-8620b3bc4af1,4,Cash,Canceled
7c0f7bba-7ca2-4165-9a8c-eeed514ebfc4,Jenniferborough,Mcneilchester,08-04-2024,06:48:51,06:37:10,44.21,174.2,No,11445e31-e574-4bf6-beaa-cdf7ea6efeeb,3a4e190d-807d-491e-ad7d-1847285b3cd9,2,Credit Card,Completed
d57dec42-b5e3-4e3a-85d0-0f224a4d4df0,Carolynfort,Johnfurt,16-05-2023,12:10:35,08:59:45,21.05,153.41,No,84e1cc68-1ae3-4700-adca-ced6484b4e6a,e1e1bd5e-e1cd-4f7f-a5ba-22fe47291a82,1,Cash,Completed
202f01b1-33de-4ee4-b3d0-97d679bdc35d,Craigstad,Jonestown,30-09-2020,06:26:09,02:54:23,43.42,134.08,No,93a01d98-1ad3-4a6b-bc85-ea8aa1c0a486,9832a694-da5f-46ab-8777-72b1953ee199,2,Cash,Canceled
b3ccc843-f371-4479-9610-2a4c56633bc8,East Kristen,Port Ronnie,07-07-2020,21:41:42,05:45:03,36.88,33.57,No,26302f9f-6ce3-48a5-9e9d-8a6bdda348dc,e77251a5-d223-4c40-a566-9f34e127a930,5,Credit Card,Canceled
cb0e2aa6-1cd7-412e-8abc-8d4c57cd90c2,West Cheryl,Port Kevinland,01-11-2020,17:25:38,14:08:37,1.15,164.19,No,1b25c48f-76f1-4e31-a49d-3e83cddbcac6,bda88f24-6c0e-4f4b-af2b-4b0f0bbc14cb,2,Credit Card,Canceled
c7384ced-cdc8-40ee-ba68-650eeace4710,Gilbertborough,South Shawnburgh,06-09-2023,02:16:03,08:32:57,38.42,195.24,No,20d8cd11-3f72-4078-9b16-767f7beb69e5,5f923cdd-7fc5-4451-8cab-0ccefb49354d,3,Credit Card,Canceled
b47cf341-0acf-49a8-91f6-b8f2b2a40066,Ericborough,Brownport,24-09-2021,07:33:12,22:55:09,10.82,107.06,Yes,8fa3ceb6-33b4-4726-b244-fcc879286ff0,40f4ec0c-1fb4-4903-9024-789cf2f7af2d,3,Credit Card,Completed
b7b41f95-0a01-41e1-b7e5-88ce8c579168,Taylorfurt,Kellyland,30-06-2021,19:17:18,18:58:28,12.7,185.33,Yes,a2fb4890-649a-4c38-8cad-66664c00a57a,6ba75c70-857b-4a48-9344-80a8a6ce6a8d,5,Credit Card,Completed
1311fab3-c1c0-45eb-bc2c-e63b2808730f,Port Michelechester,Kristinafurt,17-09-2021,14:33:34,22:39:03,30.64,191.93,No,d3566bec-ee0c-4ec9-a416-36f2c59c74e8,344a4d39-d47b-4e20-ac6c-93c77309ad1c,5,Credit Card,Canceled
b992c58c-362f-4c05-b127-a95cefa876e7,Port Brooke,Garnerbury,21-09-2024,07:19:33,22:36:49,16.56,97.26,Yes,9d3cf413-d04c-4bb0-8f6a-3e419664c9df,5e38a5a4-ad2e-44a9-9a24-4fcd7fb62cd4,5,Credit Card,Canceled
39e6151b-e58e-4c96-b01c-edc9ae4beec8,Lake Ronald,Port Kathrynside,30-05-2022,20:27:55,19:14:10,32.37,15.74,Yes,77a688e6-1c41-4b37-9ebe-bbeb565b81ac,ae0b6c21-1f0d-43d6-93fb-38ed15207bdb,2,Cash,Completed
431507b5-a6de-421c-bc3f-6abd79661b5e,New Mikayla,Joshuabury,23-08-2020,10:49:44,18:54:41,20.87,186.5,Yes,7cc1277b-39d5-4bb2-9cc8-38e6b1b376b8,e525cfa1-657d-478c-9ef4-bcacc4859f06,4,Credit Card,Completed
07489115-6a00-4ab5-bd82-5bf048d30d11,South Katherine,Saraburgh,02-12-2020,14:56:51,14:21:09,14.28,33.31,No,6e0deea4-d5f9-452d-b225-8f183c903258,b23ae4ca-986d-4178-8fd3-7e531865d555,1,PayPal,Completed
7a2c0a34-0141-4e21-b20c-7d32bd123fbb,New Anthony,Greenmouth,01-01-2020,07:24:25,09:05:02,19.11,54.41,No,a1d0d371-2614-4568-ae74-8393f8715d93,801b0a2d-6628-4543-9ff0-fa7159a71a24,1,PayPal,Completed
486cb237-9c1d-4aa3-a062-cc1de67f03cd,North Matthew,Port Jacquelineside,11-09-2021,09:29:30,09:25:16,5.41,97.81,Yes,0e2d0b3b-de1d-4533-a792-46a60a6edb45,b7d18cc5-4c43-4a7e-b764-fa635b90a471,3,Cash,Completed
0907f62b-1c81-4714-b606-b8d38cf62ca3,Lawrencemouth,Jonesfurt,27-01-2022,23:31:07,06:08:02,48.6,119.7,No,7bee2ea6-ad98-4039-b54b-6b8cb7f953b8,7d4f9c65-65a0-46f1-8b5a-91a5ec5f707b,1,Credit Card,Completed
71f9da26-aeb0-4e93-81d2-b42997c5d4ee,Lake Davidton,Wilsontown,22-09-2023,17:16:18,09:56:12,36.69,18.26,No,c582d5a1-5788-4628-b58c-9c91b3c25698,28288eec-8b4a-4e22-bc58-e32a127d3023,1,Credit Card,Completed
a425faad-5a27-42a2-96ad-f4e2cdb7c4f5,South Johnnytown,East Matthew,15-05-2022,06:56:21,22:58:11,16.46,191.08,Yes,07db94da-655c-4445-b2b8-cd7adc7ba111,08b51a49-e596-4a74-9692-aa63fd159b8f,4,PayPal,Canceled
3e1752f6-cdf3-4e4b-aed9-bb5c20f6d9f2,Breannaborough,Valeriebury,02-08-2022,23:10:16,14:36:05,31.2,42.17,No,ea6f7930-b516-40a8-9069-ab526d7a8774,6587ab30-9ec6-440d-aa64-9b70c76bb7a4,5,PayPal,Canceled
08e17312-b281-42ad-b394-826e646ed6bb,Lake Heidi,Reynoldsfurt,06-07-2020,10:32:33,18:31:37,26.98,64.76,No,8ff47397-7c27-469d-bfba-d7cc03514db1,54f46136-8cab-48a6-853e-10ab58e72bdf,1,Credit Card,Canceled
6beafcde-e24b-4f1e-ab40-71a207a2ee60,Brownshire,New Susan,17-09-2022,07:17:12,16:43:51,6.47,166.36,Yes,5ae1e01b-3b5d-4dfd-9f42-32b11c5b4984,48c7a836-ebb5-4abd-adea-cc3b172c2fc2,3,PayPal,Canceled
25017e35-aa47-4770-a0f3-af46442cbe45,North Dawnport,Lake Jeffrey,27-02-2023,00:26:01,08:01:19,19.98,43.85,No,8cc39bb8-88b6-4894-b4ec-6f2296b503a4,2ef16b37-e32c-4cba-b466-183959bc6d51,2,Credit Card,Canceled
33907769-ae50-4381-bd4c-468d7795f43d,East John,Jamesborough,28-09-2022,19:46:28,01:27:30,39.94,161.83,Yes,1c0128d6-1fae-4193-af90-62c641f2cbec,aa26463f-642d-4e4f-aa8e-4ac6d9c2fbd4,5,Credit Card,Completed
85d251e8-59c0-456a-89f0-4a2430de2827,East Jonathan,Wangmouth,04-05-2020,11:29:38,15:03:15,9.2,100.59,Yes,4a1c1844-8042-4d17-b1cf-cbeda57e169e,e4efb0f5-8c07-44fd-8ff1-8d7f72c692fc,3,Credit Card,Completed
d855be8d-813e-45b0-b6d6-a55acc76a52d,South Gregory,New Lukefort,11-05-2020,04:06:55,10:44:57,8.72,83.08,Yes,737dba07-0825-40e9-9f22-e50c632c6eeb,50ef3f5c-9d65-47f3-9cdf-4ae1cfb58383,1,Credit Card,Completed
5f5f0c63-3326-4bf9-aa7e-0d14ab923fab,Andersonfort,East Morgan,21-11-2023,19:37:01,23:11:07,27.72,76.73,No,07b59cf7-e5aa-41dc-b1fb-a4f95d49bd8b,6cb13005-7141-43fd-8f9e-3a293ed3568b,5,Cash,Completed
e20b8972-98b1-4c8c-8fd0-d3ca3aabe260,Williamview,East Brandonton,24-12-2022,19:44:45,23:01:15,13.04,68.11,Yes,e951f64f-27bc-4ec7-8519-c994d30c02ea,5edebb97-7fcf-4f57-bc84-c49b62aeda78,1,Credit Card,Canceled
398df8fa-9709-4463-b6b1-63b43b111dcf,Simonfurt,Glassstad,11-03-2024,17:20:44,06:25:27,2.05,193.13,Yes,310a3d79-40a8-44c2-82ad-abb6f0e910a6,a0051b7b-8444-4ad7-98e8-644db6ce5f0d,1,Credit Card,Canceled
8a3a2fe7-eb3e-48e9-8651-bdef1e5d54fa,Dianafurt,West Robertberg,31-01-2023,00:49:15,03:38:36,40.61,59.22,No,343579c2-35e3-40e2-a392-3cf603c62c6b,38c09be4-6eeb-48ec-8ba4-bb2ff709e970,1,Cash,Canceled
c0b23e6d-4a21-4c33-ae4f-c48e8fd8c06e,Jesseside,North Ginafurt,26-01-2023,20:21:48,15:57:55,23.87,183.13,Yes,22e6851e-6ea6-4e73-b800-a236da80fb54,347653ef-e360-441a-b395-380ceac47cfc,4,PayPal,Completed
7134777f-ad6e-4bf2-b093-7efa5779dcba,Martinezberg,Dianefort,09-07-2020,06:22:58,23:21:56,29.25,128.01,Yes,ec1fad6b-f91c-4c1a-92f1-38e3fce494dc,47adedfa-b183-408c-84ab-ac4948206b23,1,Cash,Completed
d3803c78-86fd-4973-8f02-2db2f7568250,North Troyborough,Whitakerchester,06-07-2022,22:59:31,20:19:42,3.17,67.85,Yes,65a6cc44-4c2b-4ee9-8dc3-b7cfaba633b2,0cd29d14-4851-433e-b105-ae8b4db00d49,2,PayPal,Canceled
26cfa4ea-3aea-415b-90a9-b3f0d087d6ea,Crystalborough,Port Marystad,20-11-2023,23:22:46,06:57:12,14.18,189.49,Yes,14e96ead-4781-41e8-bba2-4fffc01a4b18,016dc7c3-1cd5-442d-94dc-206a831bd152,4,PayPal,Canceled
bb333bab-d62b-4242-9349-24cc53368c77,East Andrewbury,New Taylorland,06-01-2024,23:31:22,15:10:04,2.91,174.45,Yes,c5cf9a73-a387-4b05-b3cb-19b48c0d04ca,3e6f4c91-9f97-4f8c-96da-50e8fb6a16b5,2,Credit Card,Completed
39093da6-be46-415a-986a-e344c5b496b3,Rossville,Jessicashire,18-11-2023,05:13:26,17:12:30,23.17,72.42,Yes,b7d1eecb-8ea4-4e05-895b-8575ee627834,f87f9b52-1285-408a-b5e4-1d3b462356f0,4,Cash,Canceled
4a864a5b-d1ae-4125-8d29-f3763ff8e1e9,Bauertown,Youngmouth,03-01-2023,20:07:01,07:00:59,29.78,77.1,No,55bb07c8-7ca5-4c4f-8a36-8fd7a6fb6934,1f246eeb-2764-452c-89bb-de913071495b,3,PayPal,Canceled
be872b3f-8723-4bfb-b0ba-1b5a32617dad,Wrightborough,North Joshuaville,21-11-2021,17:44:52,19:27:10,2.32,78.58,Yes,d233c90b-05d6-4578-8856-145d448a09f5,39c165fd-3381-41f2-85a6-1b1b9afc99a8,4,Credit Card,Canceled
0dfe8d39-a49f-4fa7-83df-489ff922c7f4,West Derrickfurt,Lake Phillipmouth,11-05-2020,08:37:38,17:24:35,8.02,80.68,No,7d5101e6-1c70-488c-a240-db5c8afb574f,4b2d8c0f-4030-4780-8dce-a032603285a2,5,Cash,Canceled
0dc19c9b-4f8f-4c6a-bbe8-d5073f34fa6e,Ashleystad,New Candicefurt,06-07-2023,05:12:49,07:33:01,25.87,123.68,No,3e3ca654-c5b3-43e2-96cd-326ef68cfb10,1c831e54-7162-43d0-954f-5ad9484a06d9,4,Cash,Canceled
ef45ab90-2ae1-46ec-aafb-1fa3d1268f59,Ryanshire,Jillianville,13-02-2022,08:03:14,07:16:31,31.99,8.86,Yes,1beaacf4-e955-4fa4-b904-dfe9150f55bc,8935ad40-1d74-4ead-8c46-17f5ea922628,5,PayPal,Canceled
2abe0b9d-0700-43c9-ade0-c951c2fdff8c,Port Elizabeth,Ashleyburgh,13-08-2021,22:54:01,06:59:49,45.67,136.03,No,b25f2ecb-cd4b-4581-b564-c026453f1c60,01b74249-c1ff-4505-be3d-f66636d9f868,2,PayPal,Canceled
c8098c51-3ffb-450a-905e-84fdefc8c6af,West Jamesville,Payneview,13-06-2020,05:32:27,13:31:29,44.71,25.3,No,305b68f0-1f1b-4a98-a803-e8af673752c1,556e7206-2523-4339-9fdc-42973dd38683,2,Cash,Completed
0f1e66a5-a1c2-43c2-b389-12e1bb643b5e,East Curtis,Christopherfort,24-09-2023,07:00:24,18:06:15,18.21,51.4,Yes,5e77e601-f816-499b-9112-648de2f4d70c,ca34594c-60fb-4cac-a753-1f500c8cbfd4,1,Credit Card,Completed
45f3f413-a38c-4bd4-82ab-183a99566121,Claytonbury,East Randyfurt,20-05-2024,10:47:17,04:47:34,5.52,80.92,No,de3992da-d183-48b6-836a-724d11459128,54044f0d-ed25-4df7-9d43-eb2054927191,5,Credit Card,Completed
76b1f2f1-677a-463f-b0b9-1644e0972148,West Benjamin,New Gailmouth,14-04-2022,23:52:59,03:30:56,30.29,181.75,No,85a4c084-2a52-402f-8fcd-4f445e49f1dc,992a50db-437c-4ac5-9d35-acec9779ced9,5,Credit Card,Canceled
be0d7545-c276-4641-bd4d-9f0025d1c1be,Jonathanchester,Lake Valeriemouth,27-05-2022,11:14:33,01:18:30,81.7,184.43,No,f44acd55-9dc0-4e98-bfd2-4e966f90d21c,b1ab85e7-94c9-49b7-a480-5c2761059a31,4,Cash,Completed
0f990acf-e14f-425e-b857-9871088e3b7b,East Belinda,Ginaville,01-09-2024,18:03:34,14:03:42,15.28,130.52,No,7672e727-2607-4895-a82f-afea6b96670c,15818c65-ed72-4356-80a0-e5c0a3684145,4,Credit Card,Completed
b81a3b0b-4896-45d5-9892-38ca964c3c61,South Joy,West James,25-03-2022,23:53:45,16:25:52,39.19,31.73,No,6fdefe62-0603-4ae6-9485-b80e420bca27,bd293886-256f-4d10-804e-4fdae7041e95,2,PayPal,Canceled
78a8347e-5162-4fea-940b-7e3d240d28f5,Heatherburgh,Williammouth,12-06-2024,07:50:57,14:48:34,42.09,160.66,Yes,f16cf200-1ef1-4e11-9c5f-a412f1cb26a0,6d18c052-31ae-44d3-9e4e-2e0d418f57e0,3,Cash,Canceled
df936d54-47c1-4077-a82f-916afa684771,Perezport,West Peter,03-05-2021,01:52:05,17:40:17,12.55,66.01,No,3c8dbc47-ea7d-4b00-aed7-25489157ca4b,db889a2a-8fa5-44b5-ab39-770b1a66ff4e,4,PayPal,Canceled
58b02c43-e34b-4455-bd4a-651516ee73c6,Williamsport,North Tarabury,28-08-2022,18:09:09,14:51:26,7.91,130.32,Yes,08173424-0c16-41e1-a414-5cc0a42981ed,b67dba2a-ca1e-4271-9aa6-62bf19df5877,2,PayPal,Canceled
ec896323-a3e3-4711-b0e0-10123e598953,Goodville,Sampsonville,25-09-2024,20:30:44,07:38:15,34.66,42.85,Yes,1e96f916-1108-4318-880e-dd1aa42d021d,67b4b29a-82dc-4c0d-a700-622121a6648c,3,Cash,Canceled
5880e4f5-8555-49ad-a019-89d64574e21e,East Lucasville,Littleshire,11-11-2022,19:41:43,09:08:22,42.35,81.36,No,ff32019d-3ccc-430e-a3c1-da1942943290,b19a147d-28a3-4e72-82cd-86de6bfa8cf0,2,Cash,Canceled
34f781e6-8888-4546-b8ca-f689e312565c,Contrerasfurt,Carterhaven,27-05-2024,04:45:54,22:39:23,36.96,40.15,No,f37a79e9-4d8c-4d6f-9201-b2f8ad484581,d49fca2f-6240-45b9-85d3-47badfa9edf5,1,PayPal,Canceled
d6a7964f-12f4-41a7-a9d6-4651ad1e9676,Tiffanyside,Jacksonton,16-05-2024,00:00:11,20:04:02,10.05,69.24,No,a974ce6b-c64c-46b9-ad91-d42b9a7b218b,ced836f0-713a-4398-9162-dd2d7fd3ae3d,5,Cash,Completed
517d4e61-0af8-4352-9c37-dc3c3d14f09a,West Ashley,Gravesfurt,05-03-2022,07:47:01,06:46:13,31.12,177.47,Yes,332884e7-71a6-45c0-bd15-2a461218ab84,c8342a31-f102-4435-b235-a1460cb3d1e4,5,PayPal,Completed
9d56c75a-68ec-4514-b823-b136760e7cf2,South Natalie,Port Kathy,28-05-2022,11:05:52,11:08:47,39.4,32.88,Yes,ebe450d3-715a-4120-add3-7eaef3a1537a,72c95e4b-7bda-4646-a53a-50bb122c23ba,3,PayPal,Canceled
aa46e693-b5f2-4240-a817-7bcb4d9b0b7d,Whiteshire,West Benjaminberg,04-11-2020,09:06:23,01:40:06,39.87,96.9,Yes,366f4916-dae0-4378-a596-ccaa3a921576,aeb6a394-7179-4eff-86bf-38c2f88fda1a,5,Credit Card,Completed
95e6a8fe-7b2e-442a-91a6-88fd2c6d49f8,Rodriguezshire,Gilbertton,26-01-2021,22:23:48,11:27:10,2.66,129.96,Yes,b555e0c2-6d98-4630-9299-499654c624dd,b16154ea-928b-4a8c-ae41-e8ec1aae13f1,3,PayPal,Canceled
3bdc8c0a-f558-4571-b8be-0841d09058e8,Collinstown,Evanberg,11-05-2024,13:27:05,18:21:40,4.15,67.94,No,b31dc0c0-66fb-4aed-a557-d5238ca26dcd,4a05dfa7-bebc-4899-a02c-08fce8f444b8,2,Credit Card,Completed
74f8ffd2-ea9a-4186-b9ac-9fe78a1fb2b0,West Gregorystad,Port Jessica,10-02-2024,17:30:04,15:46:16,18.1,72.59,Yes,1eff4595-dbd6-4be4-a6f3-916af1b042a7,0cf8bf66-28d9-448c-8a1b-4e45b27e4c5e,2,Credit Card,Completed
cef88912-2edc-4d4b-8265-7cc95b90be93,Jensenchester,Christineshire,09-04-2022,20:12:05,23:39:48,32.75,21.07,Yes,d345eb7d-b2b7-4443-b9bb-aba62a74dc74,fba8241f-0426-4ba5-8402-92541fc18fcb,4,Cash,Canceled
14a08ea2-976f-4a38-b589-ad4c9bfe59cb,New Brittany,Lake Curtis,30-03-2023,13:34:35,17:41:34,15.23,84.47,Yes,f64cf66d-50d3-4148-9fc2-0a7ce507921b,19c8107a-12e7-45fb-b690-063fab5a016b,4,Credit Card,Completed
34371daa-6612-4569-bb3c-4fba5f92ad60,South Alexisfurt,Rosehaven,01-07-2020,22:58:49,20:57:49,12.7,125.8,Yes,8a4555e0-f71c-42ad-bc95-d92ffb57250f,10e459cc-7248-4326-a97b-194ae48ca318,2,Credit Card,Completed
003f1e04-7ff3-4e86-843d-48b9e1c9e3f3,Port Josephport,Robleshaven,01-03-2024,00:12:02,02:07:04,29.07,198.96,No,8509808c-5820-48c5-a355-2a68c6fbb1ea,af229402-16ec-451a-9c23-a7dae7ac9832,2,Credit Card,Canceled
e97dbfd2-292b-4f51-935a-927936ef7e7c,Paultown,Emilyhaven,27-02-2021,18:02:35,15:47:05,19.92,43.33,No,d4947cca-3f6e-4d67-a97d-81bb47c9cf68,345e834d-be91-4026-ab37-39e3a95f0f96,2,Credit Card,Completed
26fdafc7-f911-4b20-b555-21e1df2727c5,Lorrainechester,New Timothybury,09-03-2024,10:45:56,07:41:45,9.02,133.28,No,6052402c-84d8-45bd-945c-403cd4b60e14,d6fea403-1026-4acd-81ae-6a104aabc27a,5,Cash,Canceled
d5f718df-522d-4fb7-8fea-9c038a6ddf30,Mitchellmouth,South Sarahside,22-06-2022,05:12:29,17:34:42,1.47,139.35,No,ba814278-190e-44be-b0fc-1dd91543506a,0bf07154-3eee-4e75-b57e-1fa002a084ef,5,Credit Card,Canceled
ddd70c10-50b8-4ca5-bef1-9b182b3363e0,Johnmouth,Stacyland,08-02-2023,01:39:15,23:07:38,44.17,33.76,Yes,bbaa23e1-0add-45de-a195-f5f272a773a2,990036dd-a193-4a4b-afd5-0255b4ff3e07,3,Credit Card,Completed
ffa2acc2-ddf0-4e2b-9978-09a2c9d602b9,Fletcherborough,East Brooke,09-09-2021,03:12:30,22:43:33,25.23,47.61,Yes,d9db52e2-abc2-4593-bbbe-be3638b610c8,ba7b2ee7-87de-42d2-aa70-27e7f4cdd927,2,PayPal,Completed
46e37e73-c0d6-461c-b006-b25f6d344b78,Ramosstad,New Davidfort,09-03-2024,12:08:10,10:31:25,19.32,195.12,No,b8f3f6ef-7538-4879-8756-7ccc365f060d,ac3d384e-1ab8-4a36-a3f1-fa8a1e0caf21,3,Cash,Completed
f2b4ce6c-259d-4e2d-832c-429278c9df2a,Navarrobury,Perrymouth,01-08-2022,06:37:02,12:20:08,8.77,52.61,Yes,045964ad-363f-437c-83da-8c4cf379855a,7985808b-ff0b-4eab-bba6-3ecb961bf868,3,PayPal,Completed
49b5f4f4-9af9-49fa-a3df-1442a0fb3e71,New Jenniferburgh,West David,26-03-2023,07:36:01,14:35:05,32.15,17.47,Yes,9891facd-cc22-4269-a89f-3ebcbba7c044,30f46e0a-af15-4d3d-8aaf-a45e761eed2e,1,PayPal,Canceled
5568fbe1-41b6-491d-bbdf-40d75178dd5b,Michaelhaven,Port Mistyside,16-04-2020,16:52:53,08:34:51,20.25,125.26,Yes,3ba1ddcf-47ab-440d-ad99-67a8b29041ba,bf01cba4-92c9-4ba2-a9b7-f3b95d5870c5,2,Cash,Completed
cf3dce3c-b414-4610-831a-05d5878cc3e5,Ianchester,East Josephton,16-10-2021,17:16:20,22:54:26,32.46,194.07,No,0694e67c-7600-4aad-9fd6-cad64615eb6a,0a20cc08-7dec-40d8-a61a-c601f771c89a,2,Cash,Completed
de420599-3853-43f3-8b5b-5f04fccb6f94,Paulaland,East Jessicaport,15-09-2021,16:33:07,03:47:52,7.19,24.98,Yes,1f39234e-b209-4c89-8ffa-2fb8e7643b65,72de438d-0548-4473-9446-9631010589c8,4,PayPal,Completed
59f899b1-c639-4129-ac12-f862c4cd8cb7,Iantown,Davidton,29-10-2021,01:58:45,21:36:42,20.44,138.92,Yes,62d1e7ca-fe04-43a4-8eda-320179b638b4,8be8ba36-7159-4810-a587-712d81c858e8,1,Cash,Canceled
b7622f5b-5f4c-47ba-ba38-a4c3bf961228,Ryanton,New Angelaville,04-11-2023,03:23:46,05:37:24,48.31,81.21,Yes,5204d3d6-9e59-413b-ab01-5d8ae61de186,e30e68ba-759d-4341-b7b6-4d8e53d812eb,5,Cash,Completed
5a2ca090-6240-4fc6-8013-4bef1d754165,Keithfurt,East Gary,24-01-2020,19:22:11,17:23:14,31.11,59.75,No,d3220e7f-1551-4ae2-8a66-cafdb2311f5d,31a4ac95-3015-4644-9ec8-0abc80d3a4fa,3,PayPal,Canceled
9fb80ead-764b-4dca-9842-2b8df16597d1,Williamville,Jamietown,05-07-2021,16:54:47,10:54:03,5.78,82.91,No,b67c5b74-ac4f-4d36-8651-c6f9cecdb198,50b4ceb9-b291-47cb-ace3-af960928c5f0,4,PayPal,Completed
fe1fe1ac-4268-4ced-b91f-213ed546c7ca,East Jeremychester,Jessestad,24-04-2020,23:37:00,14:33:32,10.25,61.56,No,5d3210bf-a7f6-4d5f-9c86-98b2e523443b,f97ea1c1-7e38-44f9-b306-932c84da37fd,5,Cash,Canceled
b8c148bd-b59a-400c-ad56-a8b3c4aadae1,West Melanie,Zimmermanton,26-12-2021,06:15:11,12:26:53,18.26,155.7,Yes,681b7446-4a6a-4677-b292-41df36c9390b,f41e4da9-d1e9-4e46-b252-dad3702cdde9,5,Cash,Completed
2384e283-b5d1-4141-866a-7e034c84abce,East Stephaniefort,Kennedytown,29-04-2020,07:07:24,01:59:17,37.29,190.76,Yes,65e842ea-1b2a-4521-85f4-20d819878bdc,3d52f801-9efe-4483-884a-deccd25ff872,4,PayPal,Completed
dd05d67b-e2f3-4bbe-8513-6095a2a3b923,Lake Shelby,Michaelburgh,21-04-2023,19:14:29,14:59:38,3.87,38.23,No,85187e31-5d44-452e-920b-4689749e9735,e67ed28c-15c3-4eda-ac26-67934d0f0a2e,1,Cash,Canceled
ae29f485-cd08-45aa-9a4f-af9debcd857e,Brianatown,South Bradleyfurt,21-01-2020,23:44:20,20:52:51,43.78,33.08,No,1514eca0-2f9f-4588-b472-8ca3549ea41e,8e6f370e-b69b-4de7-8a4a-287971db98ec,5,Credit Card,Canceled
19dbe842-e94a-42cf-be7f-72ddf987c9bd,Elizabethbury,Rebeccaview,28-09-2024,22:41:21,20:07:41,30.96,172.98,No,987d07c3-948d-4274-9b59-0185f2a13565,2ac3e204-b055-4932-8a1a-e7621cd3444b,3,PayPal,Completed
2c0e8948-0ddb-4026-a1c8-19aa7cec49e7,Gibsonfurt,Gregorybury,18-08-2021,01:18:11,03:23:15,12.14,192.37,Yes,dd13381f-6683-4079-83fa-1ea1a718cc16,40efbf71-7416-4920-84d3-fc26fead8c6b,4,Cash,Completed
57327989-c04c-490e-b349-01d8e2f654ed,Scottbury,East Jon,19-10-2021,08:59:18,08:54:09,43.18,146.69,No,8d077dcf-4ae4-4d56-9992-00aa698bd824,d3b9d512-8775-4336-a4d9-49ed7271d01d,4,Credit Card,Completed
1582f440-a48a-42a1-bd54-4d4b50cd7b9e,East Andrea,North Nicholas,18-03-2020,16:07:11,17:47:56,8.45,189.16,Yes,9fb375e1-3a32-4c93-ae08-487eb619963c,e95d10c8-600c-41f7-a406-7a530d33a87a,5,Credit Card,Completed
29b60fa4-f17f-4e4f-a4ca-9572d21414ae,Lopezberg,New Jesse,14-10-2023,09:51:03,14:46:54,29.51,179.28,Yes,4dd0a41f-6382-4a87-8be5-053a4e2432bf,08396377-fd36-46ef-8153-abd7bafdf654,2,Credit Card,Completed
37d66574-1c76-4fcb-8c37-7ddba018ce70,Wardmouth,Morrisonton,03-06-2023,14:51:12,23:47:20,44.15,75.18,No,e27535ac-97c9-4bf8-a32d-955d8e182c88,a2d4c1f0-970e-4fe4-933c-93e46ed5402e,5,PayPal,Canceled
dceecd0d-f3f3-41bc-95d6-4d1797e8d9a6,North Alexandria,Matthewburgh,24-03-2020,19:31:50,21:00:48,40.51,102.22,Yes,564445f3-cb34-4958-9cb2-6d9b5e596f2c,60837782-85b6-4144-a688-2732b5788ce5,1,PayPal,Canceled
0cf0b590-aa4e-42b9-88fc-6b60fa81f04b,West Andrewbury,Kendrachester,28-07-2024,23:21:36,16:57:35,47.96,117.73,No,f0a7e255-8451-48d2-a749-4700d1eb37b1,d9239f84-fb18-40c6-8103-8948d1f9892c,2,Credit Card,Canceled
24356590-2bc3-4d5f-9edc-1e42ee254c7f,Murphyville,New Ryan,09-12-2020,12:01:06,23:33:58,25.47,148.76,No,34ac0965-a0ab-42a8-8831-99ff6306f847,1acbf849-82f5-45fe-9107-66a1cbd6ada9,4,Credit Card,Canceled
afd907ae-59b3-4187-aeb1-46b08ab8ad86,Natashaview,Port Tammyhaven,27-10-2023,02:50:07,21:04:05,2.35,71.54,Yes,feea56e3-e4f3-4d20-b9cc-dc98262f85fa,faac3b5f-50c2-435d-b126-4146fecb0dff,2,PayPal,Canceled
d5890540-c3a8-4255-b0da-e61d961c9eb5,Jaimeburgh,Dawnstad,31-01-2021,17:33:16,15:32:34,23.65,5.83,No,2c99ba3a-099c-43dc-b57c-251d7283c8ba,eccd3a26-1af8-49e3-acc9-ce8565feacb5,4,Credit Card,Canceled
ac3282ce-5e46-4ace-b5eb-591b1494a443,Randallchester,Jenkinsview,11-02-2020,06:16:32,21:02:12,17.36,76.32,No,763d311f-2158-4aad-8bf6-d5e52a01f288,c85f9b1e-c8c4-43e3-a854-072a465c98ad,1,Credit Card,Canceled
48faac7d-10fc-4fc0-bc4a-6beffcfcb5c5,North Jamesmouth,New Jennifer,28-03-2024,04:10:49,21:37:12,22.31,178.96,Yes,91f35a81-02c3-453f-be90-efac00d0a307,40a7ce42-8675-45b2-ba76-ab7c339b8c2b,2,PayPal,Canceled
4a1068cf-8b60-49ad-80ce-a637f6e8527e,West Devonfurt,Amybury,19-11-2020,06:45:01,12:17:56,5.63,192.22,Yes,4210854a-55cd-4c13-9924-3d86b2cb2031,234d0f39-30c1-42c3-823c-83238a81192e,1,Credit Card,Canceled
821cb4c3-f228-49be-8350-d47664685fc6,Lesliemouth,Mcintyreside,25-07-2020,19:20:17,18:48:56,28.21,113.12,No,f4d9b199-649e-4f78-9c6f-a71a6b6edf78,6f465ad4-206e-48f4-a93c-b99ccc69fce8,1,PayPal,Completed
62dcf83b-acff-4388-ae66-aa24b3844063,Johnland,Lake Megan,14-01-2020,01:33:38,11:09:17,44.21,103.27,Yes,1a85f1a2-9120-4da3-b493-2dca987e5301,6ead61d3-72d1-4aec-8d44-af230bed485c,4,Credit Card,Canceled
95cb8d76-2ca3-4281-b102-34b09e0c5f20,Thomastown,West Rebekahville,06-09-2024,20:05:15,14:51:15,17.65,124.96,Yes,58640701-aa48-4841-8320-9081c7eba114,324be7d1-4040-4e06-8289-443a3acd0a45,3,Credit Card,Completed
77d9362e-a9d8-4ea5-b216-9de7756ab1fd,Brownshire,Blackwellport,13-10-2022,06:37:47,09:05:32,19.68,123.01,No,1916d762-a55f-4cbc-a917-dab18b659450,1ad7c073-b3d4-44e8-8266-ea1911e9d3ee,2,Cash,Canceled
ddea6208-d6bd-4aa7-97ac-e930837e6d32,Port Trevor,Brandonmouth,13-05-2021,16:23:10,13:38:39,49.55,55.19,No,302c86bb-c026-4094-89b9-b195f634c0cf,1aa983a3-6130-4c62-b86d-6f15c6afd987,3,PayPal,Canceled
c4907017-08af-4dd8-a0b2-98a5ae2e92ad,Ryanburgh,Lake Jeromeburgh,19-08-2020,09:22:35,05:49:19,25.32,118.29,No,cc4e57e3-3a57-4d07-b6bb-ceb891e9cbb2,c79d8872-47d1-4d20-8cac-5c088a3c89ea,2,Cash,Completed
5588dbd1-0066-4e69-b20f-315b8bff59bd,Dorseyburgh,North Kellyburgh,27-01-2024,00:51:06,12:01:03,11.87,74.06,No,d6a9363e-c6fc-4b0a-b580-328e8a14c486,0d4fcc7f-68d0-4a91-a639-16f3545130fa,4,PayPal,Canceled
d3231b57-41e5-4cb9-a2bc-5c4d72bfca0b,Kerrfurt,Lake Vicki,10-10-2023,18:29:39,01:39:13,28.43,165.37,No,e2510ada-9c45-497a-b176-fdcb824a428d,46cc5602-5502-4506-a679-5b3a3a85669d,4,Credit Card,Completed
f8ef9f45-d6da-46cd-a998-356455f739f4,Johnsonshire,Grayfurt,02-05-2020,14:57:23,14:11:44,25.69,92.34,Yes,b17fd156-bd00-4ff0-8d9f-75a45cc7d674,98da2979-5887-42d3-a6f3-11b1c23b53fc,3,Cash,Canceled
826e085c-8def-4784-be38-0d9968494d28,New Brandon,Tracyshire,29-05-2023,10:23:00,15:37:13,19.39,138.2,Yes,b878f8c3-0737-4fc6-b25e-622a75ff2e93,dfbaac27-422d-4830-a0fb-22f7074ec66b,5,PayPal,Completed
ce870f4c-3776-447e-9a30-b555ff5384ed,Morganfort,Solomonchester,15-11-2021,00:58:35,13:24:32,13.79,89.19,No,9c32ef52-f299-403d-8652-72ecd38da84a,0333d258-53ba-4718-813e-06ccc56ea0fe,3,Credit Card,Canceled
2bed1801-36b0-4eb1-91fd-48af866b5f35,Bakerville,Port Wendy,02-02-2020,18:55:41,00:12:57,49.99,120.79,Yes,3244d772-1ae6-4d73-a647-b8c251e3bfb6,0fb641bc-02aa-4a2b-aa18-00a354739545,3,Credit Card,Completed
dbec0edb-6dd4-49f9-9c4c-937b060cac35,Port Douglasmouth,East Brian,19-06-2020,03:07:58,11:45:41,30.74,39.47,Yes,f7d68148-daf2-441f-8cc5-027d40f12394,96947071-a514-43d5-a0d5-18bbd03e72b3,2,PayPal,Completed
db947135-41f7-45fd-8ec8-b25e72ce2755,Nunezhaven,Fernandezchester,26-04-2020,15:08:24,23:48:33,49.86,74.69,No,460c72b5-6c63-402c-af89-c15ec476f040,2acb1c39-8abe-4520-88da-101c7dd05490,2,Cash,Completed
b159af58-f273-4674-95fb-35631496d25b,East David,Lake Ryanhaven,20-02-2022,17:30:29,21:47:46,36.05,92.95,No,f4d8e48d-292d-4a7f-8329-843f6ea6c0a8,71e30c32-d13b-4f16-8f30-aac164aa301a,5,PayPal,Completed
5268b857-e04e-4ee5-a974-6b8f616bd605,Lake Kevinberg,South Eddie,12-07-2023,04:05:01,06:29:05,2.51,26.17,No,54458beb-1315-4495-8120-160e58b736e4,c0e23a6e-4fe6-4254-985b-41ac5f314a00,3,Cash,Canceled
914c61f3-cb5d-4517-82d4-371b06375944,Chelseaville,Port Anthonyhaven,26-05-2024,13:28:09,03:35:37,39.99,166.19,Yes,f261d3b2-a0b4-4bef-b2cf-96d54ef4e2d6,18b87923-4b65-4057-bbfc-7e4b77bc165d,5,PayPal,Canceled
bd2207b6-2558-4bcf-a300-ed9e61f46712,New Jeffery,Vickiland,14-03-2022,18:54:04,23:20:20,27.9,9.03,Yes,6d4f00ef-b39f-400f-8f51-dcde5e76419a,cf6d833d-19ad-4337-a3b7-8dc21ccecbe6,5,Credit Card,Completed
438d62f5-9298-48e6-a052-595921a2c313,New Thomas,West Angelamouth,16-10-2020,16:36:04,00:17:32,8.27,192.56,No,4d8759cf-208e-43ea-87b2-1afed0a6298b,2368a079-5b4a-44cd-aaf4-821d8127710a,1,Credit Card,Canceled
6a0d0aab-b1a3-49a4-b138-b2b891f6cc60,Wrightmouth,Port Williamstad,04-02-2021,07:48:41,10:59:03,13.79,61.99,Yes,b544d95e-108d-468b-9b1d-5e1f00d110d2,1152ba7f-7bba-4591-a1db-b02c47587b9d,4,Cash,Completed
7749bd77-94e2-409a-a2c2-a8d5ac60383c,Jacksonbury,Lake Derrick,11-06-2024,15:37:08,19:50:58,15.62,19.68,No,b6ea3cd5-a14e-414e-b941-02b55e89351b,f3cf8c75-54c8-42c2-a7b7-3177753b215f,4,Credit Card,Completed
c7f69e17-4301-484e-8d2a-795fac87a71f,North Kyle,Port Melissafort,25-03-2024,03:23:16,09:55:27,46.02,143.14,Yes,7d57f354-6d53-4e5b-809c-b9d63b82afed,ceeb5107-81e0-4131-aeaa-5c6051bd21f6,4,Cash,Canceled
ad8b67c6-0ba6-4333-ba59-f59aeb72dc87,Robertsonberg,North Janice,17-09-2023,06:05:54,01:26:34,17.41,124.64,Yes,24b319fe-1eb7-4ded-acb9-9ebd8772fa5a,e9103150-7536-4d0b-af12-a492d46c8d59,3,PayPal,Canceled
73dca0fd-e5f3-42b5-8c5c-6b720b9f5043,Troybury,Johnsonton,11-01-2024,09:13:30,19:55:34,7.09,28.29,No,0acaeb9f-f5a0-468a-ab98-24a639710f8c,6eea8b4b-e494-4caa-9739-8e3314fc65b9,1,Credit Card,Completed
bbb78499-faac-45dc-85f7-c856f5e29ee2,South Elizabethland,New Thomas,26-02-2022,05:30:26,03:02:14,17.01,15.2,Yes,4256a1a1-d7fe-477d-b672-0119cc147a8e,6309ff86-b478-453c-a601-5eb1aca451ba,5,PayPal,Completed
fcfe293a-ece3-4641-978e-138d7fe0fa73,East Jeff,West Elizabeth,12-04-2023,17:55:11,18:25:50,38.22,40.38,Yes,b463669f-aaa2-4187-aee4-a42064a957b6,7b90e005-c083-4d4f-bb7e-2af26b0e0138,3,Cash,Canceled
a186fc99-9564-4d32-bdf5-cbc4df1591cf,West Jamesberg,South Marilyn,02-12-2021,07:06:32,11:59:25,30.99,126.81,No,e94eadae-99cc-40d3-9660-3387ceb9733c,fb90c16a-ebd7-4cc1-a244-bfd112807d6b,5,Cash,Completed
46e466bf-910b-48ec-a4d7-02a1578c5a33,South Lanceburgh,Bridgetburgh,06-12-2023,14:14:34,02:08:51,31.5,103.91,No,e3890d46-0236-43a6-a191-43d115002003,f72c39d0-306c-41d7-a8c8-5f03b07bd19c,4,Credit Card,Completed
359a9340-9a38-459e-8c66-a602ea0cb932,Downsport,Linfurt,27-03-2021,17:38:38,23:10:30,14.76,42.93,No,fedc007b-71d8-4fa5-bd82-136c691e9b0f,b43a2d0a-f5f2-4fa8-bca6-3c50b3897ae0,1,Credit Card,Canceled
0736d80f-e973-4fcf-963b-4cd7d743640c,Port Jacobfort,Burnsport,24-07-2023,11:50:04,00:29:33,43.25,145.31,Yes,16d71191-d76a-403c-b2a0-f9934fb11a82,fcb1f7ed-4c5c-4e0c-bd6b-a8b2e4b8eec9,1,Cash,Canceled
63dee606-c3b3-470a-a867-92de149a8a2d,Scottmouth,Bakerland,17-08-2021,16:36:07,11:53:53,12.01,48.43,No,cd4faf1c-f952-4ef4-ab62-de80f3432423,2426a643-198c-4f46-addc-fd79e055998a,1,Credit Card,Canceled
42b96428-0eb8-43cf-8b68-82a9ff781100,East John,Port Margaret,30-03-2024,07:18:13,11:48:03,38.3,101.67,No,1bd34bea-066b-47e2-8bfa-9b1b33c79557,816c253c-b612-4183-9c40-a4cd64c9905a,3,Cash,Canceled
63c0d367-e02f-45b3-b402-5515d0bea994,Jonesbury,Salazarside,23-10-2022,01:14:53,04:34:06,6.29,163.62,Yes,090d8f87-59a1-44e4-a9f7-877c2e1477bd,9bb0311d-1381-40d3-ba5d-6a55c9821ed8,2,Credit Card,Canceled
f6702882-0391-4664-850c-2b0cec149023,Leontown,Christopherport,21-07-2024,19:04:55,06:16:34,21.99,33.41,Yes,9b19f5f0-b0bc-4a6b-9f38-23690ad7d267,dc16b084-995c-4cb1-a980-232aa84dd431,1,Cash,Canceled
44cbe08f-a5f0-421e-9940-2c1a6e86b706,Ramseytown,Lake Miranda,09-06-2022,14:04:43,11:44:50,39.3,48.4,No,95ea84ab-1302-4591-ad88-aaa6c8ce8cdc,f0588e03-9975-475d-b717-03bcfe2e5bb8,1,PayPal,Completed
ce7c8b92-446b-4bf7-a602-4f21c9f23643,Sherryfurt,Port Williamshire,30-03-2020,23:05:59,10:50:18,46.87,92.64,No,f2bd9e13-2c4b-4d0d-b2c4-96cedc5cbdc7,37801171-139a-461c-a149-2af9ae9dfa62,1,PayPal,Canceled
2efc5009-fc62-412a-912b-1d421d6557fb,Lake Jacobtown,West Kimberly,26-03-2023,08:35:37,05:05:15,8.78,122.28,Yes,cfab6406-d8c5-42dd-82f0-db376b368cb9,89ac9146-1119-42bd-b8c6-6a9f943fd82e,2,PayPal,Canceled
667daec8-7959-44db-8ab7-df8888970751,Christophershire,New Rosechester,09-08-2020,16:58:05,10:58:02,35.61,42.01,No,8ea34f5c-3c5d-42e4-864e-24960b962f68,0fbc4dcc-bce1-4e28-9e7e-1c7523b0a436,5,Cash,Canceled
9e6dbd8a-ee5c-454e-826b-41eab7fa23b5,Port Lynn,Castilloshire,13-07-2024,12:25:32,20:19:33,3.85,32.3,Yes,3624cda6-9946-4d2e-8742-f590e98896b9,46976ea0-b2a3-4c51-8c68-e1a6f9647b7d,4,PayPal,Completed
503b1200-e9d5-42bb-81b4-9c9bfe4ea8e1,South Tonya,Danielhaven,11-10-2020,19:08:45,04:26:57,29.93,177.79,Yes,d1c01392-cb4b-4c6f-93a4-68bf58391517,61f61199-67ae-4526-913b-756018ca4f65,1,Credit Card,Canceled
2ee2cc1c-8647-4e64-b64c-96d0d630beba,North Amyborough,Allenside,01-05-2020,12:42:10,09:10:44,4.38,199.14,No,2fd86f51-949a-4f82-84a9-a32e4308ce00,7822c4f1-3da9-4870-b6ee-0ef93406d84e,2,PayPal,Canceled
67e73bea-e0b2-423d-bc6a-3f1492629cf1,South Samanthachester,Heidiborough,22-08-2023,11:42:21,19:50:41,20.55,55.84,Yes,dc28e64b-5d3b-4086-8f64-4471be0d07db,73168751-d584-45bf-99a9-4decf67f2f3e,2,Cash,Completed
9627b4af-5ab0-4fe2-bbc1-4088756d93b0,West Richard,New Jonathan,20-07-2023,20:37:48,02:13:35,41.19,26.65,Yes,f136c5e3-d270-42fe-8d44-16c034d56937,a99f2614-e183-48f9-a059-2aa8a0d251ed,5,PayPal,Canceled
6b5f65a3-943f-45d3-966d-a084cebd4068,Adamsburgh,East Andrew,19-02-2024,16:27:25,07:18:57,25.35,36.64,No,30874857-d9f5-4079-8f23-303163b41636,9adc22b3-7448-45a1-9f17-011bbe3af75d,3,PayPal,Completed
65b81889-e3ec-4b25-b6d1-b253a97f9178,Davidfort,New Christineside,09-10-2023,18:59:06,04:28:51,42.29,179.63,No,55db34bb-001e-42dc-b7c5-fd5630420891,6dc8b689-c52e-4765-8417-745910b1c2eb,3,Credit Card,Completed
fc1662c3-38e3-44f4-b82a-dd6b0850be62,Stephenmouth,North Danielville,29-11-2022,11:04:17,03:21:41,41.31,147.52,No,bdc29cc9-d8f7-48f7-b8c8-edd6ff3235bd,ca2e27d4-66cd-4d57-9742-73bf09f9d69f,4,Credit Card,Canceled
868a7eee-fe90-4953-97bd-660007892b79,New Adam,Lake Johnmouth,05-06-2023,01:11:31,18:32:48,39.21,140.28,No,fb2c3dad-9832-4bbe-81d0-cedeb62747c6,9d43f0f3-48b1-42ac-a08d-b80f2b5f5f8b,2,Credit Card,Completed
f89bc286-4c57-460b-881f-e401de5d62e7,West Feliciahaven,South Brianna,18-09-2022,13:49:09,12:36:51,7.74,181.71,No,008eb0c4-20b2-4077-af96-4c0b962ef4e7,4ee27db5-9528-4228-bc46-abd2ca76fe5d,2,Credit Card,Canceled
7552b0bd-72d5-478c-bd65-2942c15c81e7,Lake Kennethberg,Jasonmouth,12-06-2020,23:57:40,00:34:06,16.08,53.16,Yes,a3068d1c-724e-4c60-bd3f-a05a2df3491f,d099b80b-f75a-48ac-be79-59b252caced3,5,Credit Card,Completed
773735cf-51e5-48d9-ac07-128362f38bce,Michaelville,Port Christinamouth,31-05-2021,08:31:41,01:14:26,48.73,93.9,Yes,1eaee442-2674-4c9e-b1b2-e459cfa32c4a,17712294-2343-4fe8-84a6-4a6fcae755eb,4,Credit Card,Completed
348e8fa1-b45b-4aa9-8c01-5c7b057fc5d8,Pereztown,Spencerfurt,01-11-2021,05:53:55,13:24:50,45.39,24.64,Yes,fc3d8aaf-6875-4b04-a3a8-d5e8b48d9045,9b859571-5294-4eb6-8db7-0644735e57b6,3,Cash,Completed
f3c23316-6278-43ef-b26c-b6e2515a59fa,New Richardberg,Jonside,18-08-2023,14:40:27,17:53:52,9.09,73.95,No,ee7b6a4d-5938-4edd-90de-0c9b2371d512,c905f52b-fe9c-4931-9be1-cb837b6a45c4,2,PayPal,Canceled
9dc5dc1d-c6e5-4404-b785-b2ec6ab67f3e,Lake Monicamouth,East Daniel,04-10-2022,13:27:24,21:58:20,11.06,74.43,Yes,fa1960ea-b12c-4042-989f-5cfb9ae6ef6c,c4007a05-3b16-42a0-992e-be036c9b563d,2,PayPal,Canceled
7b080a3f-6748-456b-8831-d1e6601bb57b,West Jacqueline,East Jason,28-09-2023,13:58:00,03:30:26,30.53,93.11,Yes,af47f3a7-b274-40d4-93cc-e177ee5f6d8c,47a44e9b-a90a-45d6-8b9d-f43f7b3fc136,5,Cash,Canceled
7406a419-68ad-471d-b30d-715830981d3c,North Chelsea,North Danielberg,15-05-2024,12:58:51,17:51:05,26.06,50.09,Yes,2e250e86-167d-4d0f-b63d-293e18b474e6,da79aa57-ac7b-40ad-9b94-f5fa4276028d,5,Credit Card,Canceled
a687ede5-9eaa-4bed-8cf1-71dea42cc4f1,North Brittanystad,South Brandonhaven,14-09-2023,03:27:16,06:26:14,24.24,46.66,Yes,d521bdad-029d-4288-b297-f53eb9752de8,7a225750-f153-45ba-b409-31572ab9aee7,2,Cash,Completed
90afa2ba-90e3-47be-8ac2-a0591255aa35,East Joshua,North Robertshire,10-08-2022,18:27:45,01:51:20,6.79,17.8,No,271e3d58-e79c-4f8f-8858-a169a930bc7a,ba0973fa-e975-4fb4-943e-516c87809226,3,Credit Card,Completed
7b3f2f08-34cb-4415-a09d-b48634df3b6e,East Jamieburgh,South Michaelfurt,25-12-2022,02:53:35,00:34:34,31.65,65.75,No,e51a9e0e-29e6-4eef-871c-43f08e47a0f7,a925ec6d-82cb-4e89-a5fc-05117024554d,3,PayPal,Canceled
a682136a-5c0c-4c2b-8902-73acf7e67d8c,West Brianborough,North Tammy,07-08-2022,16:07:16,16:22:52,12.92,152.27,No,5a17f9e8-c313-44c0-8e7a-3f7b71e567f6,26b3148f-ac45-4192-9c9a-c8e537d7a221,1,Credit Card,Completed
add5dd65-76e6-405f-b24c-464198809a37,Lake William,Stevensville,30-03-2020,12:28:46,21:45:01,25.39,121.16,Yes,a590fa6d-8507-45f7-804c-f924ca5bdd73,5b292440-8646-4183-9d12-255dd6aaf358,4,Credit Card,Completed
8312603a-6b58-4ef4-8fa9-06d79f879a2f,Christinemouth,Sheltonshire,21-06-2024,04:12:08,17:37:06,18.29,97.84,Yes,6e5be912-4fee-4f74-b75b-0a2597c8318a,d30f6669-e985-410a-9c50-cd406a0f1684,1,Credit Card,Canceled
00b96879-01bd-47f3-9d7b-296744ce421d,Aimeechester,Matthewburgh,13-11-2022,21:40:41,17:24:39,11.81,130,No,1977211d-6bfd-4906-ade0-5800dbfbd231,45532f19-ced6-4bb5-a5a7-956ff4e148d1,4,Cash,Completed
b97840a9-e281-4395-9800-e11ee6abc95c,Thompsonside,Port Josephland,24-11-2021,13:50:11,02:01:13,31.05,118.25,No,2c3dcc42-bf16-476a-a0f6-7f34a7402deb,9e6669c5-47ad-449c-97ed-f789c90997b4,1,PayPal,Completed
b9ce87c4-c0a8-4544-9aff-8c7792a2b0ec,North Rachelside,West Casey,08-05-2024,17:20:22,04:01:24,38.03,180.4,No,ceb3d93d-482e-4756-89b5-053998252ec6,8adf3b63-f09f-499b-b4c9-65fdc9da70af,1,Credit Card,Canceled
d4194c56-4a3f-405a-a7b5-e352f460c943,South Christopher,Michaelport,06-02-2021,05:16:26,13:40:54,39.03,182.51,Yes,c2076a34-81d9-404f-97ac-050dd53f31fb,049499a5-e2f2-4101-8130-416a1c16ed85,2,Credit Card,Canceled
40dbbfaf-0796-4b49-b0f1-336cdb0d6f28,Garciafort,Murphychester,30-04-2022,08:50:10,21:55:53,11.4,31.61,Yes,ff1ad61d-6aaf-4e44-b3ab-804c22fa3a31,cf38f9eb-74b7-49e7-8681-d224f998ac9a,4,Cash,Completed
9b4af865-50a5-4223-9d2e-fd4108c1e0da,Derrickton,North Susan,07-04-2024,17:15:02,13:16:43,45.1,181.25,Yes,87ef7ab8-07d2-41aa-850a-2b9bd2c10e10,a4154224-4465-4042-b46d-e3cedd8fad41,3,Cash,Canceled
97797071-6e4e-4ee5-8541-13c40e4d3d59,West Dustinport,Kimberlytown,04-03-2021,18:15:08,22:05:11,23.63,119.8,No,4ccc42fc-e608-4cca-999c-3c14b0d34ec3,fa41592d-a247-4add-a6a3-a2d4f78f9c43,4,Cash,Canceled
b94823f4-d456-496d-9f03-d7517c03c050,North Brandy,Raymondfurt,31-12-2023,21:27:01,10:29:24,42.84,99.38,Yes,bbde8c8e-a2eb-4ef4-8ccc-077b79eea97d,dde28c38-8fa1-49d5-babd-80d96ecf94f0,4,Credit Card,Canceled
441c7c9c-88b7-42c4-a630-8c01301a6a93,Ryanmouth,East Dana,14-10-2023,05:58:52,14:27:02,48.61,180.83,No,8a66dead-5a0d-4aca-be17-d9e99a4c3b34,cb5e6702-b1bb-486c-9838-290cb8e3b7c9,1,PayPal,Completed
d53fb3c9-dbb8-4ea1-abee-edc52ab5029c,North Aaronshire,Toddstad,02-07-2024,01:45:00,09:29:00,32.42,198.91,Yes,a3e58932-9140-41e3-b0c7-2542b46fe403,c727a55d-46a0-402a-a463-fc8bcb9b5ea5,5,Cash,Canceled
ae8b39ba-265c-4309-adbc-2c181c2f8cc1,Jonathanburgh,Port Robert,04-10-2023,19:38:12,17:41:19,5.9,159.87,No,b2265dd4-cb5e-4837-a04c-d9dc49a64bc6,25a6e999-28d2-4cc7-be3f-f19479e55ba9,3,Cash,Completed
c6d747f5-5d71-4bab-b3dd-8419f5f5b806,Kellyhaven,Greenton,29-08-2020,03:48:08,07:31:17,17.79,18.09,No,aba57f94-ef3a-43bb-b0ee-4eeeb7d333de,94fc6bf8-be48-4faa-8c7f-094f4d026ba7,2,PayPal,Canceled
e9dfae6c-60e2-489e-918b-a71213fbaea4,West Thomasport,Port Dwayneport,10-09-2023,13:08:56,12:04:29,16.65,14.48,No,6892980e-71ed-441d-88e6-5a01f65df059,03c862c4-b7b4-44a6-bd9a-b624ddb1d62d,2,PayPal,Completed
6d2e985a-4f2c-4006-afa6-114f9016f002,Christopherhaven,New Gabriel,14-09-2024,00:45:20,22:40:45,27.12,47.73,Yes,e581167d-bb71-4f82-af6c-b49f654ae0c6,7a1dfe12-55dd-4793-a690-cb90d6ae96a7,2,Cash,Completed
251506f9-ae7e-44f9-9954-21d18637f5d7,Shawton,Pricehaven,08-01-2022,20:48:30,11:10:06,26.13,57.34,No,9ede432b-6d8c-4e9a-aa9d-3b9a94f342ff,d0a4d3d4-220f-48c1-b564-a5f1c1db86a1,3,Credit Card,Completed
c1506d42-9030-42e5-a9c0-504fece18e0a,Joshuaport,New Lisa,08-04-2021,02:44:58,21:34:44,8.53,49.91,Yes,f5da59b2-0753-46de-aa7c-ef3ae4cc22e3,f424cc89-11ca-4d63-ac0c-a2c419bc04d9,5,Cash,Canceled
13924a49-92e0-4177-b0ed-82182699fc48,West Dustinton,North Sandra,06-04-2020,16:17:15,01:17:26,19.46,114.64,Yes,20396b21-37c9-49d5-93fc-4fce4c511b6d,c186bf4c-4779-46e0-9cce-ac0228cbc0fa,2,Credit Card,Canceled
50d60574-c40f-448e-929f-34c6d0981e22,West Caseytown,South Kimberlytown,27-11-2023,10:57:02,10:01:57,44.53,170.79,No,d0cfbb87-faf6-4c16-8c1a-b0c89ca7b13e,2aa92833-77e5-4fba-b50f-3b20da47e866,1,PayPal,Canceled
a4d9ac1b-d189-40a2-9c0b-8cf4d2f13bba,Elizabethfurt,Ericport,28-03-2023,02:08:54,02:06:00,25.53,15.18,Yes,91d8c206-6107-4b53-9d47-3f7aa4b117bf,a9a218ac-296a-47e0-8b0a-9927408269fd,2,Cash,Completed
9b026c44-87a9-4e1b-82b4-f9de11833c5b,Amandaton,New Betty,09-03-2020,03:56:00,08:49:09,32.4,65.6,No,bdbc8e6f-b9f2-4a64-9700-5649215a2aeb,e1ede233-48a4-437b-90fb-ce9897068b6c,1,PayPal,Canceled
b1cc72a3-697e-4b8f-9586-bb1734ded5a3,Cynthiaborough,Nicoleport,13-03-2023,22:47:25,12:35:54,22.99,53.12,Yes,8ccafc30-ab1a-46a8-90dd-9f31b0625ddf,9e5ca266-beda-4689-a2a1-f1c579bc2b63,5,Cash,Canceled
0609d8ae-7f07-4831-9ba6-c7d9cf854152,Alexandrahaven,Andersonberg,14-08-2024,00:38:20,01:50:42,38.04,164.62,No,90409031-37cc-41b5-8b81-af55768aba99,b519c762-746a-455d-870e-5e7dfe463690,1,PayPal,Canceled
7dcf1ae0-1e27-4b79-9f95-efa245923099,South Anthony,North Davidland,14-05-2022,07:32:24,09:59:42,31.17,114.84,No,18ff0064-c120-467e-a453-57503e79907c,743dae23-0233-4c5a-a8de-ba7cf8e6d30e,4,Cash,Completed
4033dd4b-9919-42a8-a5cd-cdf063d0a2bc,Millerbury,Benjaminstad,17-03-2024,16:32:03,00:04:11,24.54,47.22,Yes,91c813a3-aec2-4a82-b4bb-fcbe8a057d1b,aa856020-3653-4c0b-8b19-819f1f1ece10,4,Cash,Completed
d558b512-cd22-442a-abc9-5dcf6a3e04fc,North Kaitlin,Quinntown,04-07-2021,20:12:14,19:41:00,15.58,90.74,No,a6aa72e7-d5d7-4aba-a974-d6eef2c68ac8,0742722b-ee39-49ba-ae3c-aa380db1c258,1,Cash,Canceled
e81e0c7e-217e-4187-9011-1c381205cf53,Mitchellmouth,Jennaberg,01-12-2021,18:56:36,01:46:20,15.92,121.82,No,f30f7b68-0efb-40e4-afbb-61cba2acbca2,9d61964e-1388-4e49-ae56-dc0e23c54448,3,PayPal,Completed
17cf3e5e-99a9-4918-9fac-4d22f8a19f07,Michelleborough,Mcmillanport,31-05-2023,23:53:57,06:37:26,12.52,94.64,No,1a14ee94-aa46-4c64-8902-876d0b60c075,18c4830f-04fd-4781-8e1e-508359519e0d,1,PayPal,Completed
5976f95e-ac56-40e2-9eaf-50f4ccf201b3,Garciaport,Lake Angelside,28-08-2021,07:00:05,03:09:26,17.04,165.63,Yes,f978946b-d3df-4a53-a214-98dda780a47e,67dbf2af-f966-4c37-ad3a-9196e896f048,5,Cash,Completed
dd988971-068d-475f-a941-49efcce90d89,North Roger,New Shellyshire,10-01-2020,19:20:49,01:01:05,30.95,164.89,Yes,62fccf77-7a16-4052-a95a-59290c8c82e2,cc245f5f-261a-4aab-834a-07683e85d2c6,3,Credit Card,Completed
5adf9f37-8bec-441f-9ed4-ba27f99bc7c2,Port Thomas,Port Paulastad,04-03-2024,15:37:55,23:49:20,20.37,193.23,Yes,9f8554f9-af73-4784-9964-d7b9bac83878,918dfb97-750f-48cd-99fa-3d4109aae3c5,3,PayPal,Canceled
cf6f497d-b569-403c-b9f3-988611fb7493,New Cynthia,Gabrielport,12-03-2021,11:32:08,06:28:42,40.84,40.92,Yes,fcf53484-4ad3-4742-91b7-68470adae275,88c42940-9ccb-4a31-aae6-2a04dd86acf8,2,Cash,Canceled
15c309ba-830a-439c-a13c-e5a6eaeaf604,West Paige,West Madisonburgh,22-03-2022,02:46:08,10:25:32,8.01,159.37,No,e15b0241-93d1-4499-b106-47916b15c3be,a437dbcf-640a-4b31-b388-77bcce07f25a,1,PayPal,Completed
9746ac2e-b3e6-4e67-aa79-a4426ff37333,Garciamouth,Samanthaville,22-09-2022,12:15:48,07:24:43,19.62,50.49,Yes,6dcea3fc-8763-46fc-b50b-6870b3ca88a7,a6da06be-270c-4d94-a73b-d8b7b33585b5,5,Credit Card,Canceled
f19d8f4d-55f7-4824-82be-7b956297721c,East Johnnytown,East Sharon,05-10-2022,15:57:08,11:39:32,16.95,186.19,No,55759391-1c2e-495d-957e-6bd76b64c133,3ee3b46a-7e34-4bdf-957f-b86ef86b0f14,5,PayPal,Canceled
748dc06b-2942-4071-bc19-38866e6ad9b2,Rickystad,Vaughnborough,12-02-2020,22:43:41,08:16:51,12.23,156.96,Yes,c9bbc384-46cb-4924-911e-97a9326d4316,4c5a29d5-f8f6-43e0-9cb0-e857960e84ee,4,PayPal,Completed
4a9086b0-9b6a-4c30-b94f-ed13ef297e9b,Barrview,Zacharymouth,25-06-2020,20:59:24,17:47:25,4.36,162.63,No,dba1ff5e-cc55-453e-ab7b-503136ecd692,ab496365-fb48-4a02-9c18-c6036946e6e9,3,Credit Card,Canceled
7f1aebd3-da4b-47e7-8c8d-871956913e91,Port Ashley,South Tyler,27-09-2024,06:54:40,18:27:10,30.52,124.06,Yes,8af0f604-f553-4716-a9b8-ed08bb8f3d68,314bd60f-614b-4c32-93cf-75cfbb748735,3,PayPal,Canceled
79ed3a2c-dff3-4d08-803b-97689251a760,Velezhaven,New Eugene,29-08-2022,13:45:05,23:08:43,6.09,119.24,No,cb56734a-59f8-4e14-99f7-3df8dbaa913b,75c0a9ca-884e-48bf-abba-9b183a8cd986,4,Credit Card,Completed
79f41234-e7c7-47d8-bda0-55e4ec285d90,Lake Tanya,Camposfurt,25-12-2021,09:33:33,13:18:07,18.34,166.18,Yes,f055f4cd-6e2e-452b-b9e3-dfa33895b9fc,9dd18e35-e38f-4c35-96dc-99c75546189d,2,Credit Card,Canceled
65e51984-c881-457f-8542-a28dc29f86e5,West Jeffreyport,New Jonathanmouth,03-04-2023,11:39:20,12:20:06,31.68,13.35,Yes,81243ecb-6e68-4068-b2ce-3a21268b95fe,24184e4c-64ef-4293-a3a0-3af46f005573,1,Cash,Completed
60893452-7ac5-4589-9dea-cab72c4821a3,Port Terri,Port Danielle,28-02-2023,04:35:01,07:15:35,9.79,146.58,No,0e01b4e2-6877-4d8d-b5b3-12eab01b8cc3,e3780d4b-7a80-4d94-8ab0-a4312a5fc3bd,1,PayPal,Completed
4d3677b1-9826-49de-af5b-e5e403f6dab8,Huangview,Georgeland,11-07-2024,05:33:37,15:11:12,30.11,170.04,No,465fc6b0-24bd-46ce-8d90-c5e0b9a6dbdb,faedd122-2cb4-41a0-91a1-601f00ee0da7,4,Credit Card,Canceled
7d5026d8-1d42-4961-8c23-c4fd68f336cd,North Willieview,Robinshire,26-10-2020,22:20:18,09:30:43,30.66,73.35,Yes,20638f76-1ebe-41db-856c-741e77036641,b3647d5c-0b8c-4767-b623-1b113113d4c3,2,PayPal,Canceled
128d1b9c-3448-4a38-9e42-7dda33ab7551,New Kimberly,Heatherberg,20-02-2023,05:04:14,07:54:22,4.84,164.41,No,ca4880ac-05a8-4ac9-b9cf-b37c935f14cb,0248aed5-a2f7-4588-8339-f04135718b27,5,Credit Card,Completed
7b2972be-2506-4993-9bdb-bbf3b4893e34,East Kimberlybury,Port Ericside,26-03-2022,04:43:38,00:33:12,20.09,169.71,Yes,038526cd-f97d-49c1-9ad2-f908ebf48ae9,48b82a37-5ebe-4e37-91e7-8c9a24044abf,4,Cash,Completed
c7885de6-3a3f-49f9-9830-089c698b749c,New Melissa,North Chasestad,20-07-2021,12:56:11,03:23:25,8.57,13.47,Yes,5285170a-13eb-4e2c-aea6-73e2ead10c0a,5488703f-c799-4a5f-8dae-f07272a16489,1,PayPal,Completed
fad38c6e-3e5e-4ea2-801d-d6b5333fc1fb,Elliottburgh,Stevensonland,11-12-2023,10:11:42,07:45:34,48.26,123.71,Yes,d4cf1d56-8524-4be3-bcc3-f41d0a2b4132,0216f4be-a732-4363-9582-2aeae2912533,4,Credit Card,Canceled
e3011a2b-a63d-4ce3-90ed-0efcb5224153,Peterside,Lake Jeffreyview,23-01-2021,12:59:57,13:35:36,47.69,100.66,No,b25a2375-870e-4187-9ddd-325452c87c18,2dc7842c-46d7-4cf4-bb31-c96bb8f92095,5,PayPal,Completed
489e416d-fef3-4ecb-b913-3afdb276f281,Christianmouth,Adamburgh,19-05-2021,07:40:05,10:18:42,40.25,15.64,No,721bd472-1dac-4fc5-b517-774a94aa922c,e4eff5f5-39af-4f90-b4fd-4e69c7062161,5,PayPal,Completed
d7ab1597-b461-4457-a8ea-cbc6a9affe62,New Richard,East Joseph,17-03-2021,11:51:56,08:48:00,19.08,100.52,No,cdd55f71-aef7-422a-b943-9136bd74e49e,67a8f953-d308-4d77-b6d0-8fd373b4b073,4,Credit Card,Canceled
a8d7aeed-3896-4164-9bf4-8d97164c4600,Williammouth,East Pamela,18-10-2022,14:39:18,07:44:30,20.56,123.73,No,cbc90851-1745-4e8d-b4d4-03561fdf55b0,aaba3bf6-fe9a-4524-91a0-3fac47152551,4,Credit Card,Completed
703f3b8d-294e-4473-a81a-4019967b5421,West Markborough,Alexisberg,12-08-2021,15:57:23,17:36:25,27.38,72.38,Yes,ca254353-b8da-4012-9264-5a4c7e7fd373,56514a50-033d-4b66-a993-1bf82fd473b0,4,Credit Card,Canceled
e394b36a-8e45-426f-ad24-0ae766b033fc,Michaelborough,East Marcusburgh,30-11-2023,23:26:00,18:03:06,49.9,5.87,No,911a4031-6212-4336-ba84-3c315624e352,ec3b5e1e-4549-4fe9-9454-11c11d419e37,5,Credit Card,Completed
4df2d078-00c7-42d3-921b-7069c9c439e4,Cindybury,Jasmineville,15-12-2021,23:08:47,18:35:00,8.42,190.6,No,f4edcb0c-3ca2-48ea-a597-480eb84ea011,be9b7bf0-1a11-434f-9138-34c2761875f5,2,Credit Card,Completed
38f09683-e115-4314-b008-eeda0dd65043,Kimport,New Andrew,15-06-2022,06:47:08,17:39:51,49.73,185.85,Yes,058257f3-370f-4e77-8aef-730c75c6538e,57f67c73-1b0f-457e-bce3-f5689d56b6e4,4,Credit Card,Completed
e57a6719-46bf-459c-a777-94b58142d226,Janetfort,West Sarah,14-05-2022,21:14:44,09:32:27,42.73,182.59,Yes,9a2c21fa-add0-41f6-accf-c38a09affe75,ade8e509-23ef-49f8-a2cb-1fa6117a8f9d,1,Credit Card,Canceled
4a0a847b-15ad-4f18-9482-27eae8123169,Robertstad,South Shawnaland,31-07-2021,14:12:13,05:23:55,27.18,78.03,Yes,9a5b1f2d-ca31-4dd5-bb45-7f7dd7aa1c20,e3b1b2af-9ccb-45c2-b4be-4f3659a78b62,1,Cash,Canceled
63238007-bbda-4422-923f-271a7d4aaaac,Beckberg,East Aliciaview,26-07-2021,15:22:18,22:09:24,33.03,190.13,Yes,aafcc24d-6685-46ad-9359-af52bd60c985,e80c3281-7761-41fb-a7dd-7c89bfecb38c,3,Credit Card,Canceled
7ab61d62-ac10-457a-acf8-e5621a6dba29,West Michael,South Christineland,24-07-2020,05:02:37,07:25:46,41.83,45.12,No,795bf642-d4e1-496a-a725-82afe2f270c4,8e93ee3c-9867-4666-aeeb-04b3d5e8b648,1,PayPal,Completed
4bd2678b-f87d-401a-9752-1302af89e03d,Port Timothybury,Stephenton,09-12-2021,20:56:50,03:52:31,47.01,133.14,No,fd8c7c52-e858-4658-a8bd-030039806334,8f2eaf99-1d1d-49c4-8df2-c546ed49be8b,5,Cash,Completed
d72ceb17-c4ec-4a5a-8d20-e45a813572ee,Port Eric,North Stephen,06-06-2022,02:53:40,00:40:36,37.98,87.06,Yes,74286839-3835-4805-a2bd-bd6022eb7c07,7a2bad52-597b-412c-a239-54e7c71ca696,1,PayPal,Completed
bb7ca720-018d-4c39-af7b-ae27c03846c1,Port Annefurt,New Tammyville,29-02-2020,07:48:09,10:05:57,20.98,71.59,No,ff80b7ba-603b-402b-8973-f6ed8fe5b239,16d62da0-9ea3-4e1b-b2b7-50986c9e0f3d,3,PayPal,Completed
